time,latitude,longitude,depth,mag,magType,nst,gap,dmin,rms,net,id,updated,place,type,horizontalError,depthError,magError,magNst,status,locationSource,magSource
2020-06-23T13:30:50.581Z,35.86291885,-96.70838928,3.2587502,1.49,ml,18,74.03187561,0.1007359326,0.5159883946,ok,ok2020mgyh,2020-06-23T13:32:51.879Z,"10 km NE of Kendrick, Oklahoma",earthquake,3.195060617,2.412533643,,13,automatic,ok,ok
2020-06-23T13:17:29.680Z,19.1669998168945,-155.474166870117,34.5499992370605,2.06,ml,48,87,,0.100000001,hv,hv72012831,2020-06-23T13:23:01.340Z,"4 km S of P?hala, Hawaii",earthquake,0.53,0.649999976,3.4,7,automatic,hv,hv
2020-06-23T13:17:23.870Z,38.1752,-117.829,8.5,1.6,ml,18,95.4,0.043,0.1,nn,nn00752309,2020-06-23T13:35:21.895Z,"34 km SE of Mina, Nevada",earthquake,,1.1,,,automatic,nn,nn
2020-06-23T13:12:34.100Z,38.1508,-117.962,13.9,1.4,ml,17,116.51,0.026,0.09,nn,nn00752305,2020-06-23T13:16:00.755Z,"29 km SSE of Mina, Nevada",earthquake,,0.7,,,automatic,nn,nn
2020-06-23T13:09:50.110Z,35.8121667,-117.6376667,9.5,1.38,ml,20,70,0.03283,0.15,ci,ci39491864,2020-06-23T13:29:59.270Z,"22km N of Ridgecrest, CA",earthquake,0.3,0.65,0.169,17,reviewed,ci,ci
2020-06-23T13:05:06.370Z,17.919,-66.5851,6,2.38,md,16,198,0.1256,0.13,pr,pr2020175018,2020-06-23T13:31:05.958Z,"10 km SSE of Ponce, Puerto Rico",earthquake,0.38,0.24,0.2,4,reviewed,pr,pr
2020-06-23T13:01:55.710Z,38.1647,-118.1623,7.6,1.2,ml,12,120.71,0.097,0.07,nn,nn00752303,2020-06-23T13:13:39.277Z,"25 km S of Mina, Nevada",earthquake,,7.2,,,automatic,nn,nn
2020-06-23T12:59:23.700Z,38.2083,-117.735,3.4,2.1,ml,24,50.32,0.122,0.13,nn,nn00752299,2020-06-23T13:03:44.747Z,"38 km ESE of Mina, Nevada",earthquake,,1.3,,,automatic,nn,nn
2020-06-23T12:48:53.340Z,38.1618,-117.9177,5.5,1.5,ml,11,86.62,0.027,0,nn,nn00752296,2020-06-23T13:00:00.574Z,"30 km SSE of Mina, Nevada",earthquake,,0.5,,,automatic,nn,nn
2020-06-23T12:48:38.110Z,33.5306667,-116.5248333,14.08,1.02,ml,16,114,0.02725,0.15,ci,ci39491824,2020-06-23T12:52:29.372Z,"14km E of Anza, CA",earthquake,0.34,0.41,0.378,13,automatic,ci,ci
2020-06-23T12:36:53.180Z,33.9683333,-116.7936667,15.7,0.6,ml,15,72,0.05502,0.34,ci,ci39491816,2020-06-23T12:40:39.934Z,"6km N of Cabazon, CA",earthquake,0.85,1.52,0.128,17,automatic,ci,ci
2020-06-23T12:35:18.730Z,38.1822,-117.9553,6.1,1.1,ml,13,100.86,0.029,0.15,nn,nn00752295,2020-06-23T12:49:59.539Z,"26 km SSE of Mina, Nevada",earthquake,,0.7,,,automatic,nn,nn
2020-06-23T12:33:35.890Z,38.172,-117.963,6.7,1.2,ml,16,132.89,0.012,0.14,nn,nn00752292,2020-06-23T12:37:20.471Z,"27 km SSE of Mina, Nevada",earthquake,,0.8,,,automatic,nn,nn
2020-06-23T12:30:50.360Z,38.8198318,-122.7884979,1.61,0.87,md,12,83,0.008963,0.04,nc,nc73414571,2020-06-23T12:51:05.498Z,"6km NNW of The Geysers, CA",earthquake,0.33,0.93,,1,automatic,nc,nc
2020-06-23T12:25:54.290Z,33.3836667,-116.3145,4.22,0.59,ml,18,144,0.02163,0.2,ci,ci39491784,2020-06-23T12:29:35.861Z,"15km NNE of Borrego Springs, CA",earthquake,0.51,0.73,0.146,10,automatic,ci,ci
2020-06-23T12:25:39.460Z,36.7801666,-121.4953308,3.75,1.86,md,27,49,0.02673,0.17,nc,nc73414566,2020-06-23T12:40:05.443Z,"8km SSE of San Juan Bautista, CA",earthquake,0.37,0.49,0.19,19,automatic,nc,nc
2020-06-23T12:23:09.970Z,33.5811667,-116.8116667,19.89,1.19,ml,12,167,0.04162,0.17,ci,ci39491776,2020-06-23T12:26:55.874Z,"13km WNW of Anza, CA",earthquake,1.41,1.26,0.495,12,automatic,ci,ci
2020-06-23T12:14:51.340Z,33.492,-116.4856667,13.23,0.49,ml,17,82,0.07551,0.14,ci,ci39491768,2020-06-23T12:18:17.824Z,"19km ESE of Anza, CA",earthquake,0.36,0.63,0.085,12,automatic,ci,ci
2020-06-23T12:12:11.560Z,38.0793,-118.0653,4.5,0.6,ml,10,189.92,0.035,0.12,nn,nn00752290,2020-06-23T12:34:38.887Z,"34 km S of Mina, Nevada",earthquake,,10.1,,,automatic,nn,nn
2020-06-23T12:11:14.470Z,37.7123,-117.7405,7,1.5,ml,8,193.16,0.45,0.13,nn,nn00752291,2020-06-23T12:34:45.683Z,"10 km WSW of Silver Peak, Nevada",earthquake,,13.6,,,automatic,nn,nn
2020-06-23T12:09:05.800Z,37.6105003,-119.029335,0.04,1.13,md,7,150,0.000938,0.02,nc,nc73414561,2020-06-23T12:23:04.336Z,"5km WSW of Mammoth Lakes, CA",earthquake,1,0.8,0.2,8,automatic,nc,nc
2020-06-23T11:58:37.820Z,38.1483,-117.9535,13.1,2.2,ml,24,47.55,0.012,0.12,nn,nn00752286,2020-06-23T12:03:02.374Z,"30 km SSE of Mina, Nevada",earthquake,,0.5,,,automatic,nn,nn
2020-06-23T11:57:04.890Z,35.665,-117.5225,13.95,1.38,ml,18,150,0.1623,0.19,ci,ci39491760,2020-06-23T13:33:51.768Z,"15km ENE of Ridgecrest, CA",earthquake,0.41,0.92,0.137,19,reviewed,ci,ci
2020-06-23T11:38:24.850Z,38.7613335,-122.7306671,2.11,1.54,md,23,135,0.004547,0.05,nc,nc73414551,2020-06-23T13:22:04.678Z,"3km SE of The Geysers, CA",earthquake,0.4,0.44,0.11,8,automatic,nc,nc
2020-06-23T11:37:50.130Z,38.1847,-117.8645,6.4,1.4,ml,14,73.95,0.017,0.13,nn,nn00752280,2020-06-23T11:42:00.867Z,"31 km SE of Mina, Nevada",earthquake,,0.6,,,automatic,nn,nn
2020-06-23T11:34:13.910Z,37.7799988,-122.2340012,6.55,1.92,md,31,64,0.04533,0.07,nc,nc73414546,2020-06-23T13:27:03.711Z,"2km SSW of Oakland, CA",earthquake,0.19,0.46,0.11,32,automatic,nc,nc
2020-06-23T11:31:27.760Z,19.1958332061768,-155.472503662109,31.5,2.19,ml,45,92,,0.129999995,hv,hv72012726,2020-06-23T11:37:10.810Z,"1 km SE of P?hala, Hawaii",earthquake,0.51,0.720000029,3.41,13,automatic,hv,hv
2020-06-23T11:30:04.060Z,35.6118333,-117.403,9.49,0.96,ml,16,176,0.09219,0.2,ci,ci39491736,2020-06-23T11:33:37.529Z,"17km S of Trona, CA",earthquake,0.56,1.03,0.299,9,automatic,ci,ci
2020-06-23T11:29:14.430Z,19.2000007629395,-155.446670532227,36.0499992370605,1.86000001,md,47,125,,0.109999999,hv,hv72012716,2020-06-23T11:32:19.750Z,"3 km E of P?hala, Hawaii",earthquake,0.53,0.699999988,0.439999998,5,automatic,hv,hv
2020-06-23T11:29:07.620Z,38.1375,-118.0858,1.8,1.3,ml,11,164.88,0.043,0.07,nn,nn00752278,2020-06-23T11:38:59.770Z,"28 km S of Mina, Nevada",earthquake,,8.2,,,automatic,nn,nn
2020-06-23T11:25:14.430Z,38.179,-118.1208,1.8,0.8,ml,9,227.99,0.126,0.09,nn,nn00752276,2020-06-23T11:30:17.766Z,"23 km S of Mina, Nevada",earthquake,,11.1,,,automatic,nn,nn
2020-06-23T11:23:29.530Z,19.2040004730225,-155.407333374023,32.8300018310547,2.01,ml,48,155,,0.129999995,hv,hv72012711,2020-06-23T11:29:06.700Z,"7 km E of P?hala, Hawaii",earthquake,0.61,0.720000029,0.17,4,automatic,hv,hv
2020-06-23T11:17:28.240Z,17.935,-66.9351,13,2.33,md,16,218,0.0688,0.2,pr,pr2020175017,2020-06-23T11:30:54.158Z,"4 km SW of Guánica, Puerto Rico",earthquake,0.68,0.34,0.25,4,reviewed,pr,pr
2020-06-23T11:16:11.950Z,38.1387,-117.963,8.7,1.6,ml,12,108.84,0.034,0.12,nn,nn00752272,2020-06-23T11:26:47.835Z,"30 km SSE of Mina, Nevada",earthquake,,0.8,,,automatic,nn,nn
2020-06-23T11:11:57.350Z,38.1408,-118.0865,0,1.6,ml,13,143.05,0.042,0.08,nn,nn00752268,2020-06-23T11:16:40.668Z,"27 km S of Mina, Nevada",earthquake,,9.4,,,automatic,nn,nn
2020-06-23T11:08:41.950Z,38.1542,-118.0112,4.6,1,ml,11,128.94,0.036,0.03,nn,nn00752265,2020-06-23T11:13:21.057Z,"27 km SSE of Mina, Nevada",earthquake,,1.1,,,automatic,nn,nn
2020-06-23T11:08:41.210Z,33.6186667,-115.9498333,8.86,0.8,ml,12,84,0.04951,0.14,ci,ci39491728,2020-06-23T11:12:22.367Z,"10km N of North Shore, CA",earthquake,0.49,0.59,0.2,10,automatic,ci,ci
2020-06-23T11:06:36.850Z,38.1963,-117.8873,7.7,0.4,ml,10,141.71,0.04,0.05,nn,nn00752264,2020-06-23T11:09:58.341Z,"28 km SE of Mina, Nevada",earthquake,,5.5,,,automatic,nn,nn
2020-06-23T11:02:22.050Z,19.3361663818359,-155.177337646484,4.17999982833862,2.2,ml,48,83,,0.129999995,hv,hv72012661,2020-06-23T11:07:55.890Z,"13 km SSE of Volcano, Hawaii",earthquake,0.29,0.939999998,1.74,26,automatic,hv,hv
2020-06-23T11:00:26.950Z,35.8556667,-117.6725,11.18,0.51,ml,8,88,0.0728,0.13,ci,ci39491720,2020-06-23T11:04:01.946Z,"23km ESE of Little Lake, CA",earthquake,0.39,0.89,0.081,5,automatic,ci,ci
2020-06-23T11:00:00.760Z,33.0171667,-116.0063333,10.22,0.94,ml,19,138,0.1337,0.21,ci,ci39491712,2020-06-23T11:03:49.317Z,"18km SE of Ocotillo Wells, CA",earthquake,0.74,1.38,0.165,10,automatic,ci,ci
2020-06-23T10:57:41.340Z,38.1543,-118.0118,4.8,1.2,ml,12,130.27,0.037,0.03,nn,nn00752262,2020-06-23T11:08:19.009Z,"27 km SSE of Mina, Nevada",earthquake,,1,,,automatic,nn,nn
2020-06-23T10:51:09.400Z,33.6273333,-115.9563333,7.25,0.93,ml,24,59,0.03952,0.28,ci,ci39491704,2020-06-23T10:54:42.362Z,"11km N of North Shore, CA",earthquake,0.67,0.89,0.147,21,automatic,ci,ci
2020-06-23T10:49:45.900Z,36.029,-117.8778333,3.57,0.84,ml,13,141,0.02353,0.1,ci,ci39491696,2020-06-23T13:34:42.780Z,"7km ESE of Coso Junction, CA",earthquake,0.3,0.6,0.303,10,reviewed,ci,ci
2020-06-23T10:47:44.370Z,36.4555,-117.9708333,6.56,1.87,ml,22,154,0.08952,0.22,ci,ci39491688,2020-06-23T13:35:11.768Z,"17km SSE of Lone Pine, CA",earthquake,0.46,1.55,0.115,25,reviewed,ci,ci
2020-06-23T10:45:07.340Z,38.1623,-117.8692,8.2,0.5,ml,8,178.37,0.019,0.03,nn,nn00752258,2020-06-23T10:48:37.528Z,"32 km SE of Mina, Nevada",earthquake,,6.2,,,automatic,nn,nn
2020-06-23T10:37:04.850Z,38.0602,-118.0805,1.4,0.6,ml,8,186.85,0.027,0.09,nn,nn00752256,2020-06-23T10:45:18.137Z,"36 km S of Mina, Nevada",earthquake,,11.4,,,automatic,nn,nn
2020-06-23T10:35:14.490Z,38.1708,-117.7595,10.6,0.8,ml,9,94.44,0.05,0.06,nn,nn00752255,2020-06-23T10:38:38.261Z,"39 km SE of Mina, Nevada",earthquake,,9.5,,,automatic,nn,nn
2020-06-23T10:28:45.950Z,17.9705,-67.0936,11,2.91,md,21,229,0.0393,0.13,pr,pr2020175016,2020-06-23T11:52:33.040Z,"5 km W of La Parguera, Puerto Rico",earthquake,0.61,0.27,0.45,11,reviewed,pr,pr
2020-06-23T10:28:18.060Z,38.1592,-118.1675,7.2,1.4,ml,21,69.83,0.103,0.13,nn,nn00752252,2020-06-23T10:37:41.405Z,"26 km SSW of Mina, Nevada",earthquake,,11.7,,,automatic,nn,nn
2020-06-23T10:22:52.625Z,61.2918,-150.3219,23,1,ml,,,,0.68,ak,ak02081l4wa6,2020-06-23T10:28:09.670Z,"19 km WSW of Point MacKenzie, Alaska",earthquake,,1,,,automatic,ak,ak
2020-06-23T10:09:06.569Z,59.5018,-152.7313,82.3,1.8,ml,,,,0.34,ak,ak02081l20dt,2020-06-23T10:18:16.348Z,"48 km WNW of Nanwalek, Alaska",earthquake,,0.5,,,automatic,ak,ak
2020-06-23T10:07:23.460Z,38.1598,-117.8437,12.2,1.2,ml,18,70.63,0.011,0.12,nn,nn00752248,2020-06-23T10:15:20.452Z,"34 km SE of Mina, Nevada",earthquake,,0.8,,,automatic,nn,nn
2020-06-23T10:06:35.140Z,35.8721667,-117.7061667,10.08,0.97,ml,14,69,0.0794,0.08,ci,ci39491680,2020-06-23T10:10:15.947Z,"19km ESE of Little Lake, CA",earthquake,0.18,0.46,0.194,12,automatic,ci,ci
2020-06-23T10:06:07.700Z,38.3978,-118.888,5.9,1.2,ml,11,154.91,0.328,0.08,nn,nn00752247,2020-06-23T10:09:18.249Z,"26 km WSW of Hawthorne, Nevada",earthquake,,10.5,,,automatic,nn,nn
2020-06-23T10:03:00.390Z,38.821167,-122.8093338,3.02,0.63,md,16,61,0.002299,0.01,nc,nc73414536,2020-06-23T10:24:03.619Z,"7km NW of The Geysers, CA",earthquake,0.29,0.76,0.1,2,automatic,nc,nc
2020-06-23T10:02:43.562Z,59.3675,-152.1904,64.9,2,ml,,,,0.57,ak,ak02081l0l8r,2020-06-23T10:07:31.260Z,"15 km W of Nanwalek, Alaska",earthquake,,0.6,,,automatic,ak,ak
2020-06-23T09:57:01.900Z,33.1511667,-115.9371667,9.53,0.9,ml,19,73,0.102,0.2,ci,ci39491672,2020-06-23T10:00:51.077Z,"16km S of Salton City, CA",earthquake,0.44,1.64,0.113,12,automatic,ci,ci
2020-06-23T09:53:25.929Z,36.3515,-97.335,7.58,0.75,ml,35,175,0.08458340185,0.18,ok,ok2020mgrc,2020-06-23T12:36:38.276Z,"8 km NNW of Perry, Oklahoma",earthquake,,0.6,0.24,16,reviewed,ok,ok
2020-06-23T09:51:35.370Z,19.2121658325195,-155.405334472656,31.4200000762939,2,ml,54,150,,0.140000001,hv,hv72012566,2020-06-23T09:57:08.010Z,"7 km E of P?hala, Hawaii",earthquake,0.57,0.620000005,0.12,4,automatic,hv,hv
2020-06-23T09:43:53.060Z,38.8126678,-122.7926636,3.43,0.88,md,25,41,0.005126,0.02,nc,nc73414526,2020-06-23T11:37:03.049Z,"5km NW of The Geysers, CA",earthquake,0.27,0.46,0.03,3,automatic,nc,nc
2020-06-23T09:43:07.151Z,64.5009,-146.8766,19.8,3.5,ml,,,,1.26,ak,ak02081knvvb,2020-06-23T10:02:26.695Z,"2 km SSE of Salcha, Alaska",earthquake,,3.2,,,automatic,ak,ak
2020-06-23T09:42:58.337Z,64.2891,-148.3307,11.3,3.3,ml,,,,0.87,ak,ak02081knrev,2020-06-23T10:59:35.040Z,"41 km E of Clear, Alaska, Alaska",earthquake,,0.2,,,automatic,ak,ak
2020-06-23T09:26:18.280Z,38.045,-118.0565,5.3,1,ml,11,187.8,0.044,0.03,nn,nn00752240,2020-06-23T09:44:26.173Z,"38 km S of Mina, Nevada",earthquake,,4,,,automatic,nn,nn
2020-06-23T09:24:18.070Z,35.7615,-117.5451667,10.87,0.88,ml,10,161,0.06885,0.19,ci,ci39491656,2020-06-23T13:35:43.304Z,"13km W of Searles Valley, CA",earthquake,0.57,0.94,0.173,8,reviewed,ci,ci
2020-06-23T09:20:24.690Z,38.1713,-117.978,0.3,1.8,ml,9,118.45,0.025,0.04,nn,nn00752238,2020-06-23T09:27:19.139Z,"26 km SSE of Mina, Nevada",earthquake,,0.5,,,automatic,nn,nn
2020-06-23T09:13:56.280Z,38.1877,-117.7512,13.1,1.3,ml,15,121.67,0.116,0.08,nn,nn00752236,2020-06-23T09:21:39.869Z,"38 km SE of Mina, Nevada",earthquake,,2.1,,,automatic,nn,nn
2020-06-23T09:12:29.170Z,34.0115,-117.1988333,14.89,0.68,ml,27,66,0.1232,0.17,ci,ci39491648,2020-06-23T09:16:15.813Z,"5km SSW of Redlands, CA",earthquake,0.28,0.69,0.165,20,automatic,ci,ci
2020-06-23T09:10:32.960Z,33.6446667,-116.619,11.65,0.62,ml,21,127,0.01953,0.12,ci,ci39491640,2020-06-23T09:14:20.801Z,"11km NNE of Anza, CA",earthquake,0.27,0.41,0.168,15,automatic,ci,ci
2020-06-23T09:07:20.330Z,35.9643333,-117.7205,7.12,1.21,ml,18,88,0.05921,0.14,ci,ci39491632,2020-06-23T13:37:11.660Z,"17km E of Little Lake, CA",earthquake,0.29,0.66,0.139,15,reviewed,ci,ci
2020-06-23T09:07:12.660Z,17.0048,-94.7585,170.02,4.3,mb,,150,2.614,0.42,us,us6000ah3p,2020-06-23T10:45:39.040Z,"13 km NW of Santa María Chimalapa, Mexico",earthquake,11.8,25.6,0.105,26,reviewed,us,us
2020-06-23T09:03:21.500Z,38.0502,-118.7658,2.1,1.2,ml,10,100.91,0.29,0.15,nn,nn00752233,2020-06-23T09:15:18.258Z,"32 km ENE of Lee Vining, California",earthquake,,1.8,,,automatic,nn,nn
2020-06-23T09:02:04.990Z,17.9558,-66.9848,5,0.97,md,21,199,0.061,0.15,pr,pr2020175015,2020-06-23T09:41:15.454Z,"6 km ESE of La Parguera, Puerto Rico",earthquake,0.42,0.25,0,1,reviewed,pr,pr
2020-06-23T09:00:50.070Z,38.1732,-117.7963,6.6,1.2,ml,15,62.36,0.057,0.13,nn,nn00752230,2020-06-23T09:04:20.251Z,"36 km SE of Mina, Nevada",earthquake,,0.9,,,automatic,nn,nn
2020-06-23T08:57:11.568Z,64.6418,-149.3074,15.8,1,ml,,,,0.79,ak,ak02081k5fyt,2020-06-23T09:00:54.087Z,"9 km WNW of Four Mile Road, Alaska",earthquake,,0.2,,,automatic,ak,ak
2020-06-23T08:51:45.050Z,36.1458333,-117.9293333,3.51,1.07,ml,10,221,0.06656,0.12,ci,ci39491624,2020-06-23T13:36:14.352Z,"11km N of Coso Junction, CA",earthquake,0.47,0.66,0.221,14,reviewed,ci,ci
2020-06-23T08:50:22.320Z,38.1987,-117.9617,0.8,1.6,ml,12,98.39,0.028,0.12,nn,nn00752228,2020-06-23T09:01:38.716Z,"24 km SSE of Mina, Nevada",earthquake,,0.9,,,automatic,nn,nn
2020-06-23T08:48:31.870Z,38.167,-117.9515,0.9,2,ml,19,59.1,0.02,0.35,nn,nn00752223,2020-06-23T08:56:24.363Z,"28 km SSE of Mina, Nevada",earthquake,,4.9,,,automatic,nn,nn
2020-06-23T08:46:41.740Z,38.1948,-117.865,13.7,1,ml,9,118.84,0.045,0.11,nn,nn00752222,2020-06-23T08:50:18.716Z,"30 km SE of Mina, Nevada",earthquake,,1,,,automatic,nn,nn
2020-06-23T08:45:33.990Z,38.1698,-117.9583,8.4,1.1,ml,11,92.77,0.017,0.09,nn,nn00752220,2020-06-23T08:49:38.853Z,"27 km SSE of Mina, Nevada",earthquake,,1.3,,,automatic,nn,nn
2020-06-23T08:42:32.830Z,38.2243,-117.7847,1.6,1.5,ml,22,97.89,0.083,0.15,nn,nn00752217,2020-06-23T08:46:40.746Z,"33 km ESE of Mina, Nevada",earthquake,,5.5,,,automatic,nn,nn
2020-06-23T08:37:12.190Z,38.1917,-117.7713,0.8,1.5,ml,14,74.85,0.067,0.13,nn,nn00752214,2020-06-23T08:43:38.791Z,"36 km SE of Mina, Nevada",earthquake,,10,,,automatic,nn,nn
2020-06-23T08:36:00.890Z,19.2023334503174,-155.39582824707,29.7199993133545,1.79999995,md,44,166,,0.119999997,hv,hv72012496,2020-06-23T08:39:12.580Z,"8 km E of P?hala, Hawaii",earthquake,0.48,0.819999993,1.78999996,6,automatic,hv,hv
2020-06-23T08:32:46.400Z,17.9653,-66.8233,13,2.83,md,21,183,0.0568,0.17,pr,pr2020175014,2020-06-23T09:23:17.959Z,"3 km S of Indios, Puerto Rico",earthquake,0.71,0.39,0.15,15,reviewed,pr,pr
2020-06-23T08:28:07.530Z,38.1757,-117.9678,0.3,1.1,ml,14,93.37,0.032,0.14,nn,nn00752212,2020-06-23T08:38:18.840Z,"26 km SSE of Mina, Nevada",earthquake,,0.5,,,automatic,nn,nn
2020-06-23T08:24:58.090Z,35.9006667,-117.6605,10.07,0.6,ml,10,95,0.04784,0.14,ci,ci39491616,2020-06-23T08:28:31.230Z,"22km E of Little Lake, CA",earthquake,0.44,0.69,0.143,4,automatic,ci,ci
2020-06-23T08:23:58.970Z,35.8243333,-117.5935,9.38,1.02,ml,17,78,0.009173,0.13,ci,ci39491608,2020-06-23T13:36:32.774Z,"18km WNW of Searles Valley, CA",earthquake,0.34,0.5,0.096,12,reviewed,ci,ci
2020-06-23T08:21:07.950Z,19.2094993591309,-155.40283203125,31.0200004577637,2.06,ml,48,154,,0.150000006,hv,hv72012476,2020-06-23T08:26:42.900Z,"8 km E of P?hala, Hawaii",earthquake,0.68,0.730000019,0.14,3,automatic,hv,hv
2020-06-23T08:18:23.560Z,36.4478333,-117.996,5.08,1.75,ml,16,79,0.06832,0.27,ci,ci39491600,2020-06-23T08:21:57.076Z,"17km SSE of Lone Pine, CA",earthquake,0.58,1.53,0.152,21,automatic,ci,ci
2020-06-23T08:17:56.380Z,33.7065,-116.7596667,16.09,1.59,ml,65,25,0.03821,0.19,ci,ci39491592,2020-06-23T13:38:15.810Z,"5km SW of Idyllwild, CA",earthquake,0.18,0.36,0.225,28,reviewed,ci,ci
2020-06-23T08:16:24.450Z,35.6695,-117.492,9.13,0.77,ml,10,151,0.0863,0.21,ci,ci39491584,2020-06-23T08:19:54.955Z,"14km SW of Searles Valley, CA",earthquake,1.02,1.76,0.146,7,automatic,ci,ci
2020-06-23T08:14:31.710Z,33.6426667,-116.6165,12.56,0.38,ml,10,133,0.0175,0.18,ci,ci39491576,2020-06-23T13:37:20.597Z,"11km NNE of Anza, CA",earthquake,0.65,0.91,0.101,5,reviewed,ci,ci
2020-06-23T08:14:17.820Z,38.0488,-118.7287,7.5,1.8,ml,13,62.93,0.287,0.13,nn,nn00752207,2020-06-23T08:19:39.480Z,"33 km NW of Benton, California",earthquake,,12.8,,,automatic,nn,nn
2020-06-23T08:13:18.080Z,19.2223339080811,-155.408660888672,30.9099998474121,1.99000001,md,48,142,,0.129999995,hv,hv72012471,2020-06-23T08:16:25.610Z,"7 km ENE of P?hala, Hawaii",earthquake,0.64,0.829999983,0.409999996,17,automatic,hv,hv
2020-06-23T08:11:38.720Z,19.1876659393311,-155.507659912109,34.5200004577637,1.85000002,md,46,91,,0.109999999,hv,hv72012466,2020-06-23T08:14:53.670Z,"3 km WSW of P?hala, Hawaii",earthquake,0.62,0.699999988,1.39999998,10,automatic,hv,hv
2020-06-23T08:11:01.720Z,35.6136667,-117.3973333,12.51,0.96,ml,12,133,0.09247,0.21,ci,ci39491568,2020-06-23T08:14:35.437Z,"17km S of Trona, CA",earthquake,0.79,1.49,0.115,10,automatic,ci,ci
2020-06-23T08:09:19.720Z,19.2211666107178,-155.390335083008,30.3299999237061,1.97000003,md,49,152,,0.129999995,hv,hv72012461,2020-06-23T08:12:33.710Z,"9 km ENE of P?hala, Hawaii",earthquake,0.56,0.689999998,1.45000005,14,automatic,hv,hv
2020-06-23T08:07:33.250Z,38.129,-118.0147,1.1,1.5,ml,21,110.53,0.043,0.14,nn,nn00752203,2020-06-23T08:15:59.930Z,"30 km SSE of Mina, Nevada",earthquake,,1.3,,,automatic,nn,nn
2020-06-23T08:05:54.704Z,61.4466,-148.2163,242.5,2.1,ml,,,,0.92,ak,ak02081jue11,2020-06-23T08:13:03.228Z,"37 km E of Knik River, Alaska",earthquake,,1.4,,,automatic,ak,ak
2020-06-23T08:05:47.253Z,57.4056,-152.9368,0,1.9,ml,,,,0.22,ak,ak02081judhh,2020-06-23T08:13:02.734Z,"31 km NE of Old Harbor, Alaska",earthquake,,1,,,automatic,ak,ak
2020-06-23T08:03:35.530Z,32.9393333,-116.3126667,8.58,1.11,ml,33,71,0.01711,0.2,ci,ci39491560,2020-06-23T08:07:21.377Z,"24km ENE of Pine Valley, CA",earthquake,0.28,0.68,0.154,20,automatic,ci,ci
2020-06-23T08:01:33.403Z,31.5498,-104.1256,6.95,2.7,ml,,55,0.238,0.48,us,us6000ah27,2020-06-23T08:40:03.040Z,"40 km NW of Toyah, Texas",earthquake,0.6,5.1,0.085,62,reviewed,us,us
2020-06-23T07:59:35.220Z,19.2198333740234,-155.40283203125,30.9099998474121,1.95,ml,51,147,,0.129999995,hv,hv72012456,2020-06-23T08:05:09.190Z,"8 km ENE of P?hala, Hawaii",earthquake,0.55,0.649999976,4.55,4,automatic,hv,hv
2020-06-23T07:59:08.210Z,60.99,-150.8028,160.3,3,ml,,,,1.1,ak,ak02081jkgir,2020-06-23T08:10:51.781Z,"9 km NW of Point Possession, Alaska",earthquake,,5.9,,,automatic,ak,ak
2020-06-23T07:57:54.520Z,36.467,-117.994,6.67,1.92,ml,17,172,0.07455,0.26,ci,ci39491552,2020-06-23T08:01:49.343Z,"15km SSE of Lone Pine, CA",earthquake,0.56,1.34,0.157,26,automatic,ci,ci
2020-06-23T07:56:47.740Z,19.1963329315186,-155.510498046875,34.5499992370605,1.72000003,md,41,139,,0.100000001,hv,hv72012451,2020-06-23T07:59:54.550Z,"3 km WSW of P?hala, Hawaii",earthquake,0.86,0.800000012,0.860000014,3,automatic,hv,hv
2020-06-23T07:55:25.910Z,18.8878326416016,-155.679000854492,14.2799997329712,1.74000001,md,34,313,,0.360000014,hv,hv72012446,2020-06-23T07:58:26.490Z,"21 km SSW of Wai?hinu, Hawaii",earthquake,3.02,32.6300011,1.79999995,4,automatic,hv,hv
2020-06-23T07:54:48.430Z,37.9518318,-122.0746689,10.97,1.94,md,29,58,0.08813,0.05,nc,nc73414496,2020-06-23T13:20:16.618Z,"1km WNW of Pleasant Hill, CA",earthquake,0.2,0.41,0.14,22,automatic,nc,nc
2020-06-23T07:53:19.400Z,17.9593,-66.9868,5,1.3,ml,11,200,0.0583,0.13,pr,pr2020175011,2020-06-23T08:22:35.540Z,"6 km ESE of La Parguera, Puerto Rico",earthquake,0.46,0.37,0,0,reviewed,pr,pr
2020-06-23T07:44:51.060Z,36.455,-117.9848333,6.71,1.81,ml,20,143,0.07833,0.2,ci,ci39491544,2020-06-23T13:38:10.782Z,"16km SSE of Lone Pine, CA",earthquake,0.41,1.14,0.208,25,reviewed,ci,ci
2020-06-23T07:43:28.647Z,0.0565,123.797,102.29,5.9,mww,,22,1.497,0.97,us,us6000ah1z,2020-06-23T09:45:51.368Z,"97 km ESE of Gorontalo, Indonesia",earthquake,6,5.3,0.059,28,reviewed,us,us
2020-06-23T07:42:57.540Z,33.579,-116.8036667,7.22,0.29,ml,17,87,0.03613,0.13,ci,ci39491536,2020-06-23T13:38:12.782Z,"12km WNW of Anza, CA",earthquake,0.37,0.54,0.124,8,reviewed,ci,ci
2020-06-23T07:37:41.420Z,38.0137,-118.1157,0.9,0.7,ml,9,224.31,0.034,0.13,nn,nn00752194,2020-06-23T07:45:57.519Z,"38 km NE of Benton, California",earthquake,,13,,,automatic,nn,nn
2020-06-23T07:35:06.580Z,38.0666656,-118.7463303,2.79,1.95,md,11,193,0.265,0.03,nc,nc73414481,2020-06-23T07:43:02.811Z,"28km SE of Bodie, CA",earthquake,0.7,8.6,0.32,6,automatic,nc,nc
2020-06-23T07:28:21.090Z,38.214,-117.7848,2.5,1.2,ml,13,112.06,0.037,0.02,nn,nn00752189,2020-06-23T07:36:25.404Z,"34 km SE of Mina, Nevada",earthquake,,1,,,automatic,nn,nn
2020-06-23T07:27:47.050Z,38.1712,-117.9808,0.2,0.8,ml,12,97.56,0.027,0.03,nn,nn00752188,2020-06-23T07:36:18.207Z,"26 km SSE of Mina, Nevada",earthquake,,0.6,,,automatic,nn,nn
2020-06-23T07:18:05.010Z,17.9546,-66.9813,6,2.77,md,23,199,0.0646,0.14,pr,pr2020175012,2020-06-23T09:19:32.219Z,"7 km ESE of La Parguera, Puerto Rico",earthquake,0.4,0.23,0.17,8,reviewed,pr,pr
2020-06-23T07:17:23.270Z,37.9453,-118.0603,7,1.2,ml,9,238.18,0.08,0.09,nn,nn00752186,2020-06-23T07:29:37.827Z,"30 km N of Dyer, Nevada",earthquake,,11,,,automatic,nn,nn
2020-06-23T07:15:43.690Z,36.4693333,-117.9736667,8.38,1.61,ml,16,150,0.09075,0.25,ci,ci39491520,2020-06-23T07:19:26.107Z,"16km SSE of Lone Pine, CA",earthquake,0.55,1.24,0.197,20,automatic,ci,ci
2020-06-23T07:11:22.590Z,38.7856674,-122.7559967,1.58,0.15,md,10,73,0.01522,0.02,nc,nc73414476,2020-06-23T07:41:03.829Z,"1km N of The Geysers, CA",earthquake,0.31,0.94,0.08,2,automatic,nc,nc
2020-06-23T07:09:12.200Z,38.1493,-117.8962,10.4,1.3,ml,14,68.47,0.027,0.14,nn,nn00752180,2020-06-23T07:16:38.715Z,"32 km SE of Mina, Nevada",earthquake,,0.9,,,automatic,nn,nn
2020-06-23T07:08:42.660Z,17.9536,-66.9763,5,3.18,md,23,199,0.0697,0.16,pr,pr2020175013,2020-06-23T08:53:24.769Z,"7 km WSW of Fuig, Puerto Rico",earthquake,0.48,0.31,0.18,19,reviewed,pr,pr
2020-06-23T07:08:14.920Z,35.6921667,-117.5121667,5.77,0.9,ml,17,160,0.1415,0.19,ci,ci39491504,2020-06-23T07:12:06.814Z,"13km SW of Searles Valley, CA",earthquake,0.53,1.96,0.15,9,automatic,ci,ci
2020-06-23T07:08:05.110Z,34.2601667,-116.4321667,1.56,1.85,ml,43,60,0.05161,0.19,ci,ci39491496,2020-06-23T07:12:04.071Z,"16km N of Yucca Valley, CA",earthquake,0.21,0.49,0.115,28,automatic,ci,ci
2020-06-23T07:07:44.000Z,19.1901664733887,-155.514831542969,34.060001373291,2.04,ml,52,75,,0.119999997,hv,hv72012386,2020-06-23T07:13:18.620Z,"4 km WSW of P?hala, Hawaii",earthquake,0.44,0.660000026,3.8,10,automatic,hv,hv
2020-06-23T07:06:57.580Z,35.8705,-117.6933333,2.92,0.14,ml,6,97,0.08474,0.12,ci,ci39491488,2020-06-23T07:10:34.181Z,"21km ESE of Little Lake, CA",earthquake,0.29,0.46,0.046,4,automatic,ci,ci
2020-06-23T07:00:38.253Z,60.8278,-151.6347,73.2,1.3,ml,,,,0.45,ak,ak02081j7uls,2020-06-23T07:05:24.002Z,"24 km NW of Nikiski, Alaska",earthquake,,0.6,,,automatic,ak,ak
2020-06-23T06:59:43.520Z,38.1377,-118.005,2.1,0.5,ml,10,141.91,0.031,0.08,nn,nn00752176,2020-06-23T07:05:37.831Z,"29 km SSE of Mina, Nevada",earthquake,,10.5,,,automatic,nn,nn
2020-06-23T06:59:28.790Z,35.9226667,-117.7076667,2.57,1.07,ml,16,59,0.05287,0.11,ci,ci39491480,2020-06-23T07:03:15.304Z,"18km E of Little Lake, CA",earthquake,0.21,0.36,0.189,14,automatic,ci,ci
2020-06-23T06:57:00.710Z,38.8393326,-122.7815018,1.87,0.56,md,8,113,0.005152,0.02,nc,nc73414466,2020-06-23T07:19:04.525Z,"5km WNW of Cobb, CA",earthquake,0.72,1.09,,1,automatic,nc,nc
2020-06-23T06:51:39.550Z,33.223,-116.7418333,9.89,0.41,ml,17,88,0.01921,0.21,ci,ci39491472,2020-06-23T06:55:27.424Z,"3km SE of Lake Henshaw, CA",earthquake,0.43,0.77,0.128,5,automatic,ci,ci
2020-06-23T06:51:20.230Z,38.1595,-118.034,2,1.6,ml,13,144.35,0.02,0.06,nn,nn00752173,2020-06-23T07:01:19.318Z,"26 km SSE of Mina, Nevada",earthquake,,9.4,,,automatic,nn,nn
2020-06-23T06:49:52.630Z,19.146333694458,-155.470993041992,32.310001373291,1.99000001,md,41,169,,0.129999995,hv,hv72012366,2020-06-23T06:53:01.140Z,"6 km S of P?hala, Hawaii",earthquake,0.63,0.720000029,0.99000001,3,automatic,hv,hv
2020-06-23T06:48:10.520Z,36.4583321,-117.984169,4.15,3.14,ml,42,73,0.07956,0.22,ci,ci39491464,2020-06-23T06:59:15.690Z,"16km SSE of Lone Pine, CA",earthquake,0.27,0.93,0.179,23,automatic,ci,ci
2020-06-23T06:47:50.580Z,17.9546,-66.8405,15,2.75,md,23,186,0.0438,0.14,pr,pr2020175009,2020-06-23T07:54:55.157Z,"4 km SSW of Indios, Puerto Rico",earthquake,0.6,0.41,0.17,21,reviewed,pr,pr
2020-06-23T06:47:27.010Z,36.4683333,-117.9883333,7.02,1.45,ml,13,171,0.07929,0.24,ci,ci39491456,2020-06-23T06:51:19.950Z,"15km SSE of Lone Pine, CA",earthquake,0.57,1.41,0.132,17,automatic,ci,ci
2020-06-23T06:41:20.470Z,38.8118324,-122.8209991,2.22,0.7,md,22,56,0.007042,0.02,nc,nc73414456,2020-06-23T07:07:03.448Z,"7km NW of The Geysers, CA",earthquake,0.21,0.39,0.15,3,automatic,nc,nc
2020-06-23T06:33:16.030Z,35.5983333,-117.3853333,5.68,1.53,ml,23,73,0.06375,0.21,ci,ci39491448,2020-06-23T06:37:10.864Z,"18km S of Trona, CA",earthquake,0.41,1.12,0.216,19,automatic,ci,ci
2020-06-23T06:31:05.860Z,33.6443333,-116.6226667,11.21,0.54,ml,16,111,0.02258,0.14,ci,ci39491440,2020-06-23T06:34:53.845Z,"11km NNE of Anza, CA",earthquake,0.33,0.52,0.063,16,automatic,ci,ci
2020-06-23T06:24:42.920Z,35.8333333,-117.6763333,10.9,0.77,ml,13,75,0.06642,0.17,ci,ci39491432,2020-06-23T06:28:15.806Z,"24km N of Ridgecrest, CA",earthquake,0.34,0.76,0.106,9,automatic,ci,ci
2020-06-23T06:23:55.010Z,38.1577,-117.9483,12.6,1.3,ml,13,83.77,0.03,0.12,nn,nn00752161,2020-06-23T06:32:19.591Z,"29 km SSE of Mina, Nevada",earthquake,,0.8,,,automatic,nn,nn
2020-06-23T06:20:47.020Z,38.8129997,-122.81633,2.95,0.93,md,23,52,0.01085,0.02,nc,nc73414451,2020-06-23T06:56:04.371Z,"6km NW of The Geysers, CA",earthquake,0.24,0.48,0.12,5,automatic,nc,nc
2020-06-23T06:19:35.220Z,33.5163333,-116.446,5.93,0.46,ml,15,152,0.08201,0.17,ci,ci39491424,2020-06-23T06:23:22.761Z,"21km SW of La Quinta, CA",earthquake,0.47,1.58,0.03,7,automatic,ci,ci
2020-06-23T06:16:04.381Z,60.2086,-141.3307,16.9,1.4,ml,,,,1.56,ak,ak02081iprui,2020-06-23T06:28:24.775Z,"116 km NW of Yakutat, Alaska",earthquake,,0.3,,,automatic,ak,ak
2020-06-23T06:11:43.040Z,38.7871666,-122.7669983,1.27,1.1,md,24,78,0.0146,0.06,nc,nc73414446,2020-06-23T06:44:03.290Z,"1km NW of The Geysers, CA",earthquake,0.24,0.38,0.19,6,automatic,nc,nc
2020-06-23T06:09:50.840Z,33.66,-116.6195,11.8,0.16,ml,11,147,0.02541,0.21,ci,ci39491416,2020-06-23T06:13:32.663Z,"13km NNE of Anza, CA",earthquake,0.7,0.93,0.096,4,automatic,ci,ci
2020-06-23T06:08:25.540Z,34.0108333,-116.9866667,13.49,0.96,ml,25,191,0.05417,0.19,ci,ci39491408,2020-06-23T06:12:04.711Z,"6km ESE of Yucaipa, CA",earthquake,0.64,0.62,0.185,27,automatic,ci,ci
2020-06-23T06:05:37.894Z,61.5436,-140.6009,0,1.1,ml,,,,0.4,ak,ak02081inhjx,2020-06-23T06:13:09.078Z,"124 km E of McCarthy, Alaska",earthquake,,1.1,,,automatic,ak,ak
2020-06-23T05:56:38.710Z,36.4701667,-117.9836667,7.61,1.5,ml,14,172,0.08346,0.2,ci,ci39491392,2020-06-23T13:40:01.790Z,"15km SSE of Lone Pine, CA",earthquake,0.44,1.07,0.204,17,reviewed,ci,ci
2020-06-23T05:56:30.010Z,35.5445,-84.3498333,11.26,1.93,md,9,80,0.1692,0.07,se,se60108023,2020-06-23T12:45:30.520Z,"3 km NNE of Madisonville, Tennessee",earthquake,0.42,1.19,0.15,9,reviewed,se,se
2020-06-23T05:53:47.710Z,36.4696667,-118,6.31,1.4,ml,13,176,0.07114,0.18,ci,ci39491384,2020-06-23T13:40:23.795Z,"14km SSE of Lone Pine, CA",earthquake,0.42,0.82,0.191,14,reviewed,ci,ci
2020-06-23T05:51:12.840Z,38.0633333,-118.742,5.18,1.55,md,25,110,0.2649,0.07,nc,nc73414426,2020-06-23T10:51:06.020Z,"29km SE of Bodie, CA",earthquake,0.33,7.91,0.213,26,reviewed,nc,nc
2020-06-23T05:44:15.810Z,38.4303,-116.5173,13,1.4,ml,10,160.11,1.261,0.13,nn,nn00752152,2020-06-23T05:51:57.267Z,"74 km ENE of Tonopah, Nevada",earthquake,,3.4,,,automatic,nn,nn
2020-06-23T05:41:41.060Z,38.1855,-117.7898,14.1,1.1,ml,11,112.52,0.063,0.03,nn,nn00752151,2020-06-23T05:46:45.650Z,"36 km SE of Mina, Nevada",earthquake,,0.8,,,automatic,nn,nn
2020-06-23T05:40:40.290Z,36.4606667,-117.9761667,6.43,1.67,ml,16,145,0.08638,0.2,ci,ci39491376,2020-06-23T13:40:36.796Z,"16km SSE of Lone Pine, CA",earthquake,0.6,1.29,0.212,20,reviewed,ci,ci
2020-06-23T05:30:59.860Z,35.76,-117.4845,2.22,1.01,ml,12,231,0.1074,0.11,ci,ci39491360,2020-06-23T13:40:47.797Z,"7km W of Searles Valley, CA",earthquake,0.58,0.38,0.09,12,reviewed,ci,ci
2020-06-23T05:29:48.820Z,38.0653343,-118.7491684,2.6,1.69,md,9,191,0.2675,0.02,nc,nc73414396,2020-06-23T05:38:03.986Z,"28km SE of Bodie, CA",earthquake,1.24,8.43,0.41,2,automatic,nc,nc
2020-06-23T05:26:47.271Z,-50.9375,-72.1305,10,4.5,mb,,98,0.778,0.63,us,us6000ah0i,2020-06-23T06:52:08.040Z,"67 km S of El Calafate, Argentina",earthquake,5.2,1.3,0.099,30,reviewed,us,us
2020-06-23T05:24:10.840Z,18.0266,-66.7625,15,2.17,md,24,90,0.1276,0.14,pr,pr2020175007,2020-06-23T05:56:49.214Z,"1 km NE of Magas Arriba, Puerto Rico",earthquake,0.35,0.41,0.2,8,reviewed,pr,pr
2020-06-23T05:23:53.210Z,36.4585,-117.992,6.03,2.14,ml,20,146,0.07347,0.18,ci,ci39491352,2020-06-23T05:27:30.434Z,"16km SSE of Lone Pine, CA",earthquake,0.39,0.93,0.124,25,automatic,ci,ci
2020-06-23T05:14:22.648Z,57.5495,-153.2021,5.5,1.2,ml,,,,0.14,ak,ak02081i3y7s,2020-06-23T05:24:07.356Z,"35 km WSW of Womens Bay, Alaska",earthquake,,0.5,,,automatic,ak,ak
2020-06-23T05:08:58.705Z,63.9621,-148.7818,110.8,2,ml,,,,0.46,ak,ak02081i2txj,2020-06-23T05:19:25.618Z,"14 km NE of Healy, Alaska",earthquake,,0.6,,,automatic,ak,ak
2020-06-23T05:08:22.636Z,-27.8465,-66.9276,156.73,4.6,mb,,43,2.202,0.81,us,us6000ah03,2020-06-23T07:20:09.040Z,"25 km SE of Londres, Argentina",earthquake,7.5,2.8,0.032,282,reviewed,us,us
2020-06-23T05:07:50.100Z,33.0823333,-116.5841667,9.92,0.71,ml,16,67,0.01132,0.24,ci,ci39491336,2020-06-23T05:11:19.666Z,"2km ENE of Julian, CA",earthquake,0.6,0.87,0.125,9,automatic,ci,ci
2020-06-23T05:04:10.020Z,37.068,-116.2885,0.9,0.8,ml,15,89.72,0.132,0.13,nn,nn00752137,2020-06-23T05:09:18.671Z,"45 km ENE of Beatty, Nevada",earthquake,,11.4,,,automatic,nn,nn
2020-06-23T05:03:09.290Z,17.8721,-66.8586,10,2.96,md,23,220,0.105,0.15,pr,pr2020175005,2020-06-23T05:28:24.973Z,"12 km SSE of Guánica, Puerto Rico",earthquake,0.52,0.76,0.24,21,reviewed,pr,pr
2020-06-23T04:59:00.569Z,69.5297,-144.7622,0,2.7,ml,,,,0.68,ak,ak02081hs0zp,2020-06-23T05:03:59.238Z,"80 km SSW of Kaktovik, Alaska",earthquake,,1.2,,,automatic,ak,ak
2020-06-23T04:58:38.400Z,17.9765,-66.7291,10,2.26,md,23,179,0.1396,0.1,pr,pr2020175006,2020-06-23T05:25:39.144Z,"2 km SSW of Tallaboa, Puerto Rico",earthquake,0.3,0.28,0.22,9,reviewed,pr,pr
2020-06-23T04:55:34.194Z,57.7992,-155.5843,4.4,1.6,ml,,,,0.66,ak,ak02081hrbsp,2020-06-23T05:07:40.618Z,"72 km WNW of Karluk, Alaska",earthquake,,0.4,,,automatic,ak,ak
2020-06-23T04:52:36.560Z,38.1675,-117.8555,9.4,0.8,ml,14,103.21,0.022,0.02,nn,nn00752135,2020-06-23T05:01:58.149Z,"33 km SE of Mina, Nevada",earthquake,,2.4,,,automatic,nn,nn
2020-06-23T04:48:17.990Z,35.8083333,-117.6318333,3.83,1.96,ml,26,67,0.02886,0.18,ci,ci39491320,2020-06-23T04:59:06.760Z,"21km WNW of Searles Valley, CA",earthquake,0.25,0.56,0.081,26,automatic,ci,ci
2020-06-23T04:46:33.170Z,38.0678329,-118.7493362,-0.6,2.97,ml,44,77,0.2659,0.13,nc,nc73414356,2020-06-23T09:14:02.227Z,"28km SE of Bodie, CA",earthquake,0.32,9.11,0.362,19,automatic,nc,nc
2020-06-23T04:32:52.840Z,38.1578,-117.8987,10,0.9,ml,10,129.64,0.019,0.09,nn,nn00752127,2020-06-23T04:47:38.013Z,"31 km SE of Mina, Nevada",earthquake,,1.3,,,automatic,nn,nn
2020-06-23T04:31:53.870Z,39.4106667,-110.2923333,-3.12,1.89,ml,16,203,0.02871,0.18,uu,uu60398177,2020-06-23T13:31:45.013Z,"17 km SSE of Sunnyside, Utah",earthquake,0.82,1.72,0.101,4,reviewed,uu,uu
2020-06-23T04:28:32.480Z,38.1918,-117.9478,9.3,1,ml,17,82.09,0.026,0.17,nn,nn00752124,2020-06-23T04:33:58.478Z,"26 km SSE of Mina, Nevada",earthquake,,1.8,,,automatic,nn,nn
2020-06-23T04:28:02.480Z,44.5755,-110.9165,10.02,0.66,md,10,119,0.06521,0.06,uu,uu60398167,2020-06-23T13:11:26.600Z,"17 km ESE of West Yellowstone, Montana",earthquake,0.38,1.01,0.507,8,reviewed,uu,uu
2020-06-23T04:14:45.810Z,38.1865,-117.72,2.6,2,ml,27,99.33,0.042,0.14,nn,nn00752122,2020-06-23T04:29:40.492Z,"40 km SE of Mina, Nevada",earthquake,,1.2,,,automatic,nn,nn
2020-06-23T04:11:21.180Z,38.1435,-118.0117,2.2,1.2,ml,11,119.65,0.037,0.17,nn,nn00752121,2020-06-23T04:15:57.736Z,"28 km SSE of Mina, Nevada",earthquake,,14.6,,,automatic,nn,nn
2020-06-23T04:08:14.100Z,38.1607,-117.9227,10.8,0.8,ml,12,109.82,0.034,0.06,nn,nn00752119,2020-06-23T04:13:17.597Z,"30 km SSE of Mina, Nevada",earthquake,,1.7,,,automatic,nn,nn
2020-06-23T04:04:27.860Z,36.4787,-117.3635,3,0.9,ml,8,279.06,0.41,0.24,nn,nn00752118,2020-06-23T04:09:57.584Z,"31 km NE of Darwin, California",earthquake,,7.4,,,automatic,nn,nn
2020-06-23T03:59:23.590Z,33.5455,-115.8796667,5,1.14,ml,27,118,0.05618,0.32,ci,ci39491296,2020-06-23T04:03:11.811Z,"6km ENE of North Shore, CA",earthquake,0.51,0.96,0.194,26,automatic,ci,ci
2020-06-23T03:48:18.030Z,38.1337,-118.0143,1,1.5,ml,18,90.39,0.047,0.14,nn,nn00752115,2020-06-23T03:51:58.223Z,"29 km SSE of Mina, Nevada",earthquake,,11.9,,,automatic,nn,nn
2020-06-23T03:40:45.690Z,19.2089996337891,-155.396331787109,30.6900005340576,1.99000001,md,50,156,,0.119999997,hv,hv72012081,2020-06-23T03:44:24.540Z,"8 km E of P?hala, Hawaii",earthquake,0.54,1,1.25999999,32,automatic,hv,hv
2020-06-23T03:38:21.390Z,33.3043333,-116.3903333,5.75,0.78,ml,17,90,0.04247,0.2,ci,ci39491280,2020-06-23T03:42:21.837Z,"6km NNW of Borrego Springs, CA",earthquake,0.36,0.79,0.136,16,automatic,ci,ci
2020-06-23T03:38:10.640Z,33.475,-117.1191667,13.91,1.31,ml,52,36,0.03363,0.25,ci,ci39491272,2020-06-23T03:41:56.836Z,"3km SE of Temecula, CA",earthquake,0.27,0.62,0.123,28,automatic,ci,ci
2020-06-23T03:37:23.420Z,38.159,-117.959,5.2,1.2,ml,10,82.04,0.012,0.01,nn,nn00752111,2020-06-23T03:45:57.828Z,"28 km SSE of Mina, Nevada",earthquake,,0.4,,,automatic,nn,nn
2020-06-23T03:33:28.892Z,36.8417244,-97.46071625,5,1.88,ml,30,112.7915955,0.1713829041,0.665084486,ok,ok2020mgeo,2020-06-23T03:36:28.973Z,"4 km NNW of Nardin, Oklahoma",earthquake,2.79863096,,,24,automatic,ok,ok
2020-06-23T03:26:27.980Z,38.1803,-117.8505,6.2,1.6,ml,15,73.66,0.023,0.12,nn,nn00752106,2020-06-23T03:30:38.877Z,"32 km SE of Mina, Nevada",earthquake,,0.4,,,automatic,nn,nn
2020-06-23T03:22:01.580Z,36.85721207,-97.45108795,1.760685086,1.91,ml,42,116.5290146,0.1568445712,0.5838890272,ok,ok2020mgef,2020-06-23T03:25:54.518Z,"5 km N of Nardin, Oklahoma",earthquake,2.28676083,1.555271366,,32,automatic,ok,ok
2020-06-23T03:19:14.350Z,36.4605,-117.978,6.91,1.68,ml,17,161,0.0849,0.21,ci,ci39491264,2020-06-23T13:42:27.804Z,"16km SSE of Lone Pine, CA",earthquake,0.46,1.29,0.178,21,reviewed,ci,ci
2020-06-23T03:17:14.500Z,35.9840012,-120.5414963,2.01,0.18,md,9,108,0.02567,0.05,nc,nc73414331,2020-06-23T03:32:04.012Z,"14km NW of Parkfield, CA",earthquake,0.91,2.36,0.1,2,automatic,nc,nc
2020-06-23T03:12:34.950Z,38.1672,-117.7293,14,1.1,ml,12,158.22,0.046,0.02,nn,nn00752100,2020-06-23T03:16:37.480Z,"41 km SE of Mina, Nevada",earthquake,,3.3,,,automatic,nn,nn
2020-06-23T03:11:17.040Z,38.1962,-117.9022,6.6,0.8,ml,12,124.17,0.034,0.02,nn,nn00752098,2020-06-23T03:14:37.859Z,"28 km SE of Mina, Nevada",earthquake,,1,,,automatic,nn,nn
2020-06-23T03:09:20.000Z,37.383667,-122.2669983,9.36,2.76,md,60,112,0.03016,0.09,nc,nc73414321,2020-06-23T09:29:24.800Z,"3km W of Portola Valley, CA",earthquake,0.22,0.42,0.13,68,automatic,nc,nc
2020-06-23T03:07:55.820Z,36.4463333,-117.9906667,5.42,2.18,ml,20,137,0.07245,0.18,ci,ci39491240,2020-06-23T03:11:47.644Z,"17km SSE of Lone Pine, CA",earthquake,0.35,1.01,0.153,26,automatic,ci,ci
2020-06-23T03:07:01.970Z,36.4431667,-117.989,6.88,1.63,ml,16,72,0.07358,0.12,ci,ci37447613,2020-06-23T04:13:24.897Z,"18km SSE of Lone Pine, CA",earthquake,0.19,0.47,0.372,6,reviewed,ci,ci
2020-06-23T03:06:11.160Z,36.4451667,-117.9726667,3.81,1.71,ml,27,69,0.08684,0.2,ci,ci39491232,2020-06-23T04:07:18.870Z,"18km SSE of Lone Pine, CA",earthquake,0.24,0.7,0.158,24,reviewed,ci,ci
2020-06-23T03:04:17.070Z,36.4638333,-117.984,7.97,1.17,ml,13,83,0.08113,0.2,ci,ci37447597,2020-06-23T03:58:19.813Z,"16km SSE of Lone Pine, CA",earthquake,0.33,0.77,0.199,8,reviewed,ci,ci
2020-06-23T03:04:06.300Z,17.9473,-67.0941,11,3.09,md,23,236,0.0546,0.17,pr,pr2020175004,2020-06-23T03:56:12.300Z,"5 km WSW of La Parguera, Puerto Rico",earthquake,0.69,0.39,0.23,17,reviewed,pr,pr
2020-06-23T03:03:48.310Z,36.4543333,-117.9803333,6.92,1.48,ml,21,156,0.08177,0.17,ci,ci39491224,2020-06-23T03:32:37.660Z,"17km SSE of Lone Pine, CA",earthquake,0.32,0.82,0.132,19,reviewed,ci,ci
2020-06-23T03:00:39.480Z,35.6031667,-117.4095,10.65,1.5,ml,18,79,0.08623,0.24,ci,ci39491216,2020-06-23T03:04:34.592Z,"18km S of Trona, CA",earthquake,0.58,0.95,0.159,22,automatic,ci,ci
2020-06-23T02:59:59.646Z,64.9303,-162.3307,1.2,3.8,ml,,,,1.24,ak,ak02081gu1z5,2020-06-23T03:15:55.040Z,"35 km N of Elim, Alaska",earthquake,,0.8,,,automatic,ak,ak
2020-06-23T02:57:41.382Z,38.1673,-117.8441,8.6,0.8,ml,23,64.69,0.022,0.1866,nn,nn00752089,2020-06-23T05:10:14.769Z,"33 km SE of Mina, Nevada",earthquake,,0.8,0.15,7,reviewed,nn,nn
2020-06-23T02:57:39.816Z,61.2037,-151.9949,95.8,1.7,ml,,,,0.45,ak,ak02081gkwix,2020-06-23T03:04:08.339Z,"48 km WNW of Tyonek, Alaska",earthquake,,0.5,,,automatic,ak,ak
2020-06-23T02:57:39.050Z,19.1988334655762,-155.394500732422,30.4899997711182,1.80999994,md,42,160,,0.119999997,hv,hv72012056,2020-06-23T03:00:51.860Z,"8 km E of P?hala, Hawaii",earthquake,0.65,1.03999996,0.150000006,5,automatic,hv,hv
2020-06-23T02:53:49.790Z,36.0485001,-120.6330032,4.7,2.22,md,14,167,0.03607,0.08,nc,nc73414306,2020-06-23T02:58:02.966Z,"25km NW of Parkfield, CA",earthquake,0.48,1.02,0.12,9,automatic,nc,nc
2020-06-23T02:51:58.520Z,36.4463348,-117.9865036,5.25,3.79,mw,46,68,0.07579,0.19,ci,ci39491208,2020-06-23T04:48:04.566Z,"17km SSE of Lone Pine, CA",earthquake,0.23,0.76,,6,reviewed,ci,ci
2020-06-23T02:49:56.146Z,36.3603096,-97.36031342,2.799006462,1.59,ml,38,35.18898582,0.1423262358,0.4225881566,ok,ok2020mgdd,2020-06-23T02:53:33.231Z,"10 km NW of Perry, Oklahoma",earthquake,1.86608976,1.588340251,,30,automatic,ok,ok
2020-06-23T02:46:56.100Z,38.1455,-118.0135,0,1.2,ml,13,106.84,0.035,0.05,nn,nn00752081,2020-06-23T02:53:18.607Z,"28 km SSE of Mina, Nevada",earthquake,,3.7,,,automatic,nn,nn
2020-06-23T02:43:16.680Z,18.6775,-64.8671,7,3.37,md,22,335,1.1182,0.34,pr,pr2020175003,2020-06-23T06:01:18.166Z,"37 km N of Charlotte Amalie, U.S. Virgin Islands",earthquake,18.12,17.46,0.06,7,reviewed,pr,pr
2020-06-23T02:42:14.140Z,33.5991667,-116.7315,9.6,0.33,ml,17,68,0.02775,0.16,ci,ci39491200,2020-06-23T02:45:42.472Z,"7km NW of Anza, CA",earthquake,0.37,0.68,0.106,10,automatic,ci,ci
2020-06-23T02:38:54.630Z,38.0441666,-118.7578354,2.21,2.93,md,9,92,0.2873,0.07,nc,nc73414291,2020-06-23T08:13:03.855Z,"29km SE of Bodie, CA",earthquake,0.37,1.53,0.36,6,automatic,nc,nc
2020-06-23T02:38:35.510Z,36.4456667,-117.9878333,0.39,2.32,ml,22,77,0.07467,0.17,ci,ci39491192,2020-06-23T02:48:55.240Z,"17km SSE of Lone Pine, CA",earthquake,0.32,0.83,0.119,25,automatic,ci,ci
2020-06-23T02:25:40.290Z,19.1935005187988,-155.395172119141,30.6700000762939,1.97000003,md,44,170,,0.119999997,hv,hv72012021,2020-06-23T02:28:43.790Z,"8 km E of P?hala, Hawaii",earthquake,0.61,0.75999999,1.72000003,10,automatic,hv,hv
2020-06-23T02:19:36.920Z,38.197,-117.7372,1.5,1.1,ml,9,128.01,0.059,0.04,nn,nn00752071,2020-06-23T02:27:17.427Z,"38 km ESE of Mina, Nevada",earthquake,,3.8,,,automatic,nn,nn
2020-06-23T02:09:59.050Z,38.7584991,-122.723999,2.71,0.55,md,7,146,0.003162,0.01,nc,nc73414276,2020-06-23T02:24:04.554Z,"3km WSW of Anderson Springs, CA",earthquake,0.64,0.85,0.05,2,automatic,nc,nc
2020-06-23T02:09:23.130Z,38.1467,-117.9473,11.8,1.6,ml,18,71.22,0.018,0.16,nn,nn00752067,2020-06-23T02:16:51.675Z,"30 km SSE of Mina, Nevada",earthquake,,0.7,,,automatic,nn,nn
2020-06-23T02:08:03.540Z,17.9616,-66.8301,12,3.12,md,23,184,0.0509,0.16,pr,pr2020175002,2020-06-23T02:31:20.680Z,"3 km SSW of Indios, Puerto Rico",earthquake,0.57,0.36,0.26,23,reviewed,pr,pr
2020-06-23T02:07:10.230Z,36.457,-117.9705,5.55,1.57,ml,15,155,0.09005,0.23,ci,ci39491176,2020-06-23T02:11:08.278Z,"17km SSE of Lone Pine, CA",earthquake,1.57,3.38,0.189,20,automatic,ci,ci
2020-06-23T02:02:20.540Z,38.1344,-118.0031,2.9,2.2,ml,26,108.49,0.035,0.2267,nn,nn00752061,2020-06-23T10:04:55.305Z,"29 km SSE of Mina, Nevada",earthquake,,1.2,0.29,10,reviewed,nn,nn
2020-06-23T02:01:40.850Z,36.45,-117.9866667,6.53,2.3,ml,28,76,0.07606,0.16,ci,ci39491168,2020-06-23T02:10:30.638Z,"17km SSE of Lone Pine, CA",earthquake,0.22,0.56,0.115,36,reviewed,ci,ci
2020-06-23T02:01:15.870Z,36.4533333,-117.9803333,6.4,2.37,ml,21,141,0.0816,0.16,ci,ci39491160,2020-06-23T02:04:56.786Z,"17km SSE of Lone Pine, CA",earthquake,0.35,1.03,0.139,25,automatic,ci,ci
2020-06-23T02:00:15.910Z,36.456,-117.9805,6.54,1.83,ml,17,157,0.08195,0.18,ci,ci39491144,2020-06-23T02:04:06.781Z,"17km SSE of Lone Pine, CA",earthquake,0.45,1.24,0.144,24,automatic,ci,ci
2020-06-23T02:00:10.210Z,35.7724991,-121.2316666,5.94,2.43,md,35,166,0.2483,0.1,nc,nc73414251,2020-06-23T02:07:03.322Z,"15km NNW of San Simeon, CA",earthquake,0.62,1.3,0.14,24,automatic,nc,nc
2020-06-23T01:57:34.280Z,36.444,-117.984,7.59,1.26,ml,5,146,0.07765,0.06,ci,ci37447557,2020-06-23T03:03:20.055Z,"18km SSE of Lone Pine, CA",earthquake,0.24,0.64,0.383,3,reviewed,ci,ci
2020-06-23T01:57:33.810Z,35.8038333,-117.6143333,7.01,1.13,ml,23,69,0.01811,0.2,ci,ci39491136,2020-06-23T02:41:37.373Z,"19km WNW of Searles Valley, CA",earthquake,0.26,0.45,0.202,11,reviewed,ci,ci
2020-06-23T01:57:11.930Z,36.4496667,-118.0016667,8.33,1.11,ml,5,155,0.06404,0.04,ci,ci37447565,2020-06-23T02:48:54.406Z,"16km SSE of Lone Pine, CA",earthquake,0.33,0.7,0.33,2,reviewed,ci,ci
2020-06-23T01:53:52.340Z,36.4415,-117.9848333,5.5,1.31,ml,14,144,0.07689,0.25,ci,ci39491120,2020-06-23T01:57:37.742Z,"18km SSE of Lone Pine, CA",earthquake,0.81,1.78,0.313,10,automatic,ci,ci
2020-06-23T01:48:46.506Z,38.126,-118.0721,3.3,1.9,ml,23,115.84,0.038,0.214,nn,nn00752047,2020-06-23T04:02:23.476Z,"29 km S of Mina, Nevada",earthquake,,1.3,0.54,11,reviewed,nn,nn
2020-06-23T01:46:08.510Z,36.4448333,-117.9788333,6.37,2.81,ml,25,75,0.08185,0.15,ci,ci39491112,2020-06-23T01:56:38.050Z,"18km SSE of Lone Pine, CA",earthquake,0.3,0.95,0.145,25,automatic,ci,ci
2020-06-23T01:40:30.650Z,19.1105,-67.8666,26,3.56,md,22,324,0.788,0.49,pr,pr2020175001,2020-06-23T09:43:07.845Z,"81 km NE of Punta Cana, Dominican Republic",earthquake,2.59,30.46,0.13,13,reviewed,pr,pr
2020-06-23T01:39:49.410Z,36.4475,-117.997,0.26,2.71,ml,25,79,0.06749,0.16,ci,ci39491104,2020-06-23T01:48:45.040Z,"17km SSE of Lone Pine, CA",earthquake,0.3,0.82,0.152,24,automatic,ci,ci
2020-06-23T01:31:07.740Z,38.1582,-117.9387,12.5,1.8,ml,17,65.3,0.025,0.11,nn,nn00752035,2020-06-23T01:39:06.988Z,"29 km SSE of Mina, Nevada",earthquake,,0.4,,,automatic,nn,nn
2020-06-23T01:28:29.340Z,36.4648333,-117.9916667,6.47,2.03,ml,17,169,0.07557,0.19,ci,ci39491088,2020-06-23T01:32:07.574Z,"15km SSE of Lone Pine, CA",earthquake,0.44,1.02,0.151,26,automatic,ci,ci
2020-06-23T01:28:13.030Z,35.8865,-117.677,6.39,0.17,ml,6,89,0.06497,0.06,ci,ci39491080,2020-06-23T01:31:46.787Z,"21km ESE of Little Lake, CA",earthquake,0.34,1.37,0.142,3,automatic,ci,ci
2020-06-23T01:26:08.790Z,38.2062,-117.974,8.4,2.1,ml,10,163.15,0.085,0.05,nn,nn00752030,2020-06-23T01:29:29.951Z,"23 km SSE of Mina, Nevada",earthquake,,9.2,,,automatic,nn,nn
2020-06-23T01:25:20.105Z,38.1761,-117.8773,6.7,2.8,ml,28,48.76,0.015,0.1425,nn,nn00752026,2020-06-23T04:48:30.040Z,"31 km SE of Mina, Nevada",earthquake,,0.6,0.37,14,reviewed,nn,nn
2020-06-23T01:21:27.230Z,36.2085,-96.9745,6.72,1.1,ml,17,184,0.08998234239,0.18,ok,ok2020mgaf,2020-06-23T13:14:01.362Z,"4 km WSW of Glencoe, Oklahoma",earthquake,,0.9,0.27,8,reviewed,ok,ok
2020-06-23T01:20:58.760Z,36.451,-117.9933333,6.09,1.8,ml,25,80,0.07088,0.21,ci,ci39491072,2020-06-23T01:50:36.093Z,"17km SSE of Lone Pine, CA",earthquake,0.28,0.72,0.172,25,reviewed,ci,ci
2020-06-23T01:20:08.076Z,-36.6892,-72.4589,50,4.4,mwr,,71,0.59,0.64,us,us6000agwg,2020-06-23T12:32:40.392Z,"15 km WNW of Bulnes, Chile",earthquake,4.6,1.9,0.047,44,reviewed,us,us
2020-06-23T01:18:41.310Z,38.141,-118.0075,1.9,1.3,ml,13,144.34,0.036,0.1,nn,nn00752022,2020-06-23T01:23:39.083Z,"29 km SSE of Mina, Nevada",earthquake,,11.9,,,automatic,nn,nn
2020-06-23T01:17:44.460Z,17.9876,-66.8356,15,1.95,md,23,161,0.0454,0.13,pr,pr2020175000,2020-06-23T01:59:39.118Z,"1 km WSW of Indios, Puerto Rico",earthquake,0.49,0.34,0.15,6,reviewed,pr,pr
2020-06-23T01:17:18.408Z,16.2486,-95.5843,35,4.9,mb,,58,3.311,0.49,us,us6000agwf,2020-06-23T04:09:38.539Z,"2 km SSE of San Miguel Tenango, Mexico",earthquake,4.9,1.9,0.025,510,reviewed,us,us
2020-06-23T01:17:04.380Z,38.1648,-117.8542,6.3,1.5,ml,13,83.44,0.029,0.03,nn,nn00752019,2020-06-23T01:23:31.924Z,"33 km SE of Mina, Nevada",earthquake,,0.7,,,automatic,nn,nn
2020-06-23T01:16:25.750Z,36.4563333,-117.9846667,6.48,1.8,ml,28,80,0.07873,0.21,ci,ci39491064,2020-06-23T01:46:45.070Z,"16km SSE of Lone Pine, CA",earthquake,0.29,0.79,0.098,25,reviewed,ci,ci
2020-06-23T01:15:11.710Z,36.4373333,-117.9765,2.06,1.97,ml,14,139,0.08363,0.21,ci,ci39491056,2020-06-23T01:19:03.497Z,"18km N of Olancha, CA",earthquake,0.93,1.6,0.146,25,automatic,ci,ci
2020-06-23T01:13:40.910Z,38.1433,-118.024,4.8,1.4,ml,14,107.89,0.035,0.02,nn,nn00752012,2020-06-23T01:17:21.044Z,"28 km SSE of Mina, Nevada",earthquake,,0.8,,,automatic,nn,nn
2020-06-23T01:06:17.500Z,36.4518333,-117.9741667,6.54,2.21,ml,31,70,0.08629,0.22,ci,ci39491048,2020-06-23T03:49:17.739Z,"17km SSE of Lone Pine, CA",earthquake,0.27,0.83,0.128,42,reviewed,ci,ci
2020-06-23T01:06:02.570Z,36.446,-117.9868333,6.28,1.73,ml,25,73,0.0755,0.16,ci,ci37447589,2020-06-23T03:43:35.722Z,"17km SSE of Lone Pine, CA",earthquake,0.21,0.61,0.141,17,reviewed,ci,ci
2020-06-23T01:05:52.520Z,36.459,-117.9883333,6.93,1.35,ml,21,82,0.07646,0.19,ci,ci37447605,2020-06-23T03:54:20.098Z,"16km SSE of Lone Pine, CA",earthquake,0.3,1.01,0.194,15,reviewed,ci,ci
2020-06-23T00:58:53.030Z,36.4576667,-117.9758333,6.45,1.83,ml,21,76,0.08597,0.17,ci,ci37447573,2020-06-23T03:25:14.608Z,"17km SSE of Lone Pine, CA",earthquake,0.22,0.68,0.199,25,reviewed,ci,ci
2020-06-23T00:58:43.290Z,36.4543333,-117.9838333,6.62,1.84,ml,25,79,0.079,0.18,ci,ci37447581,2020-06-23T03:08:34.521Z,"17km SSE of Lone Pine, CA",earthquake,0.26,0.67,0.148,22,reviewed,ci,ci
2020-06-23T00:58:34.080Z,36.459,-117.9783333,6.68,1.67,ml,16,160,0.08429,0.22,ci,ci39491040,2020-06-23T02:55:34.454Z,"16km SSE of Lone Pine, CA",earthquake,0.46,1.14,0.186,13,reviewed,ci,ci
2020-06-23T00:57:34.262Z,62.1383,-147.9438,32.7,1.3,ml,,,,0.75,ak,ak02081fe0u7,2020-06-23T01:03:39.457Z,"39 km NNW of Glacier View, Alaska",earthquake,,0.2,,,automatic,ak,ak
2020-06-23T00:54:48.640Z,36.4536667,-117.973,5.49,1.75,ml,17,153,0.08749,0.23,ci,ci39491032,2020-06-23T00:58:43.379Z,"17km SSE of Lone Pine, CA",earthquake,0.63,1.6,0.161,23,automatic,ci,ci
2020-06-23T00:54:27.710Z,36.4678333,-117.9728333,7.76,1.63,ml,25,79,0.09092,0.19,ci,ci39491024,2020-06-23T01:56:58.121Z,"16km SSE of Lone Pine, CA",earthquake,0.3,0.61,0.214,13,reviewed,ci,ci
2020-06-23T00:53:36.320Z,36.4528333,-117.9828333,6.37,1.89,ml,12,155,0.07953,0.17,ci,ci39491016,2020-06-23T00:57:33.376Z,"17km SSE of Lone Pine, CA",earthquake,0.41,1.23,0.099,25,automatic,ci,ci
2020-06-23T00:44:42.610Z,36.4413333,-117.9841667,3.36,2.87,ml,20,81,0.07742,0.19,ci,ci39491000,2020-06-23T01:38:39.040Z,"18km N of Olancha, CA",earthquake,0.43,1.25,0.119,25,automatic,ci,ci
2020-06-23T00:44:29.220Z,36.4436667,-117.9868333,5.06,2.23,ml,26,80,0.07535,0.17,ci,ci39490992,2020-06-23T01:39:08.027Z,"18km SSE of Lone Pine, CA",earthquake,0.24,0.78,0.182,12,reviewed,ci,ci
2020-06-23T00:37:03.640Z,38.144,-118.0193,5.3,0.8,ml,12,141.87,0.035,0.2,nn,nn00751996,2020-06-23T00:41:46.850Z,"28 km SSE of Mina, Nevada",earthquake,,2.2,,,automatic,nn,nn
2020-06-23T00:36:59.530Z,36.446,-117.982,6.1,2.25,ml,22,135,0.07939,0.17,ci,ci39490984,2020-06-23T00:40:47.811Z,"18km SSE of Lone Pine, CA",earthquake,0.43,1.08,0.163,25,automatic,ci,ci
2020-06-23T00:36:21.391Z,62.207,-154.1729,0,2.9,ml,,,,1.05,ak,ak02081f9hua,2020-06-23T01:09:31.040Z,"90 km S of Nikolai, Alaska",earthquake,,0.2,,,automatic,ak,ak
2020-06-23T00:33:57.610Z,36.4488333,-117.9808333,6.61,2.9,ml,26,78,0.08059,0.18,ci,ci39490976,2020-06-23T01:07:16.846Z,"17km SSE of Lone Pine, CA",earthquake,0.34,0.99,0.1,25,automatic,ci,ci
2020-06-23T00:30:52.730Z,36.4503333,-117.9776667,3.77,3.82,mw,53,69,0.0833,0.18,ci,ci39490968,2020-06-23T03:02:20.313Z,"17km SSE of Lone Pine, CA",earthquake,0.15,0.49,,4,reviewed,ci,ci
2020-06-23T00:30:16.820Z,36.4506667,-117.9825,6.7,2.35,ml,16,139,0.07948,0.16,ci,ci39490960,2020-06-23T08:32:57.064Z,"17km SSE of Lone Pine, CA",earthquake,0.31,0.94,0.118,20,automatic,ci,ci
2020-06-23T00:29:28.810Z,36.4591667,-117.9856667,8.34,2.12,ml,14,81,0.07858,0.17,ci,ci37447549,2020-06-23T02:05:45.160Z,"16km SSE of Lone Pine, CA",earthquake,0.41,0.79,0.149,2,reviewed,ci,ci
2020-06-23T00:26:46.470Z,36.4545,-117.99,7.4,3.26,ml,11,80,0.07415,0.11,ci,ci37447541,2020-06-23T04:07:04.040Z,"16km SSE of Lone Pine, CA",earthquake,0.21,0.58,0.061,2,reviewed,ci,ci
2020-06-23T00:25:46.390Z,36.4466667,-117.984,2.26,4.62,mw,51,74,0.07783,0.22,ci,ci39490952,2020-06-23T12:29:22.607Z,"17km SSE of Lone Pine, CA",earthquake,0.19,0.83,,6,reviewed,ci,ci
2020-06-23T00:25:30.335Z,37.2668,-97.2094,5,2.5,mb_lg,,108,0.453,0.94,us,us6000agvj,2020-06-23T01:45:18.040Z,"3 km WSW of Oxford, Kansas",earthquake,1.2,1.9,0.068,57,reviewed,us,us
2020-06-23T00:20:57.480Z,19.2215003967285,-155.396667480469,30.9699993133545,1.96000004,md,38,164,,0.109999999,hv,hv72011906,2020-06-23T00:24:13.960Z,"8 km ENE of P?hala, Hawaii",earthquake,0.7,0.879999995,1.96000004,4,automatic,hv,hv
2020-06-23T00:16:34.100Z,35.9071667,-117.7473333,4.34,0.98,ml,16,50,0.07096,0.24,ci,ci39490944,2020-06-23T00:20:07.174Z,"15km ESE of Little Lake, CA",earthquake,0.37,0.94,0.174,14,automatic,ci,ci
2020-06-23T00:08:37.660Z,38.8358345,-122.8098297,1.72,0.56,md,15,56,0.01242,0.04,nc,nc73414146,2020-06-23T00:48:03.308Z,"8km WNW of Cobb, CA",earthquake,0.28,0.75,,1,automatic,nc,nc
2020-06-23T00:07:36.530Z,38.2097,-117.8618,8.4,1.4,ml,11,135.81,0.057,0.17,nn,nn00751970,2020-06-23T00:12:20.773Z,"29 km SE of Mina, Nevada",earthquake,,1.5,,,automatic,nn,nn
2020-06-23T00:06:21.310Z,38.836834,-122.8048325,2.68,1.07,md,29,50,0.01142,0.02,nc,nc73414141,2020-06-23T00:37:03.244Z,"7km WNW of Cobb, CA",earthquake,0.2,0.44,0.11,6,automatic,nc,nc
2020-06-23T00:03:46.830Z,19.3331666666667,-155.128333333333,6.27,2.95,ml,53,123,,0.09,hv,hv72011896,2020-06-23T02:06:25.680Z,"14 km S of Fern Forest, Hawaii",earthquake,0.31,0.46,0.140462664665722,39,reviewed,hv,hv
2020-06-23T00:00:21.660Z,38.141,-118.0108,1.9,0.9,ml,13,140.54,0.034,0.07,nn,nn00751968,2020-06-23T00:08:39.907Z,"28 km SSE of Mina, Nevada",earthquake,,10.1,,,automatic,nn,nn
2020-06-23T00:00:09.450Z,37.3844986,-122.2649994,9.88,1.7,md,15,75,0.02842,0.04,nc,nc73414136,2020-06-23T00:27:06.178Z,"3km W of Portola Valley, CA",earthquake,0.31,0.55,0.07,13,automatic,nc,nc
2020-06-22T23:50:54.110Z,35.4053333,-118.4715,3.06,1.23,ml,20,76,0.2486,0.19,ci,ci39490912,2020-06-22T23:54:40.017Z,"20km S of Bodfish, CA",earthquake,0.36,2.2,0.123,18,automatic,ci,ci
2020-06-22T23:45:45.611Z,44.3063,-115.1778,10,2.8,ml,,65,0.268,0.78,us,us6000agv5,2020-06-22T23:56:53.040Z,"21 km WNW of Stanley, Idaho",earthquake,1.5,2,0.039,88,reviewed,us,us
2020-06-22T23:43:13.100Z,38.1488,-118.0003,6.5,1.2,ml,12,107.1,0.038,0.14,nn,nn00751966,2020-06-22T23:55:44.556Z,"28 km SSE of Mina, Nevada",earthquake,,0.9,,,automatic,nn,nn
2020-06-22T23:42:40.210Z,35.8523333,-117.684,3.65,0.99,ml,13,82,0.07892,0.16,ci,ci39490904,2020-06-22T23:46:28.738Z,"22km ESE of Little Lake, CA",earthquake,0.37,1.1,0.061,13,automatic,ci,ci
2020-06-22T23:32:20.910Z,38.8395004,-122.8258362,1.55,0.78,md,20,70,0.007592,0.03,nc,nc73414131,2020-06-22T23:49:02.925Z,"9km WNW of Cobb, CA",earthquake,0.24,0.41,0.07,4,automatic,nc,nc
2020-06-22T23:29:37.090Z,38.1135,-118.058,0.7,0.9,ml,12,162.41,0.043,0.2,nn,nn00751963,2020-06-22T23:44:03.639Z,"31 km S of Mina, Nevada",earthquake,,18.1,,,automatic,nn,nn
2020-06-22T23:24:08.680Z,38.8400002,-122.8248367,1.75,1.51,md,26,68,0.008436,0.03,nc,nc73414121,2020-06-22T23:36:01.835Z,"9km WNW of Cobb, CA",earthquake,0.19,0.35,0.1,5,automatic,nc,nc
2020-06-22T23:23:34.550Z,38.8383331,-122.8241653,1.22,1.4,md,8,104,0.008846,0.02,nc,nc73414116,2020-06-22T23:32:03.813Z,"9km WNW of Cobb, CA",earthquake,0.44,0.73,0.99,2,automatic,nc,nc
2020-06-22T23:17:41.600Z,38.1517,-118.037,0,1.5,ml,18,138.41,0.021,0.21,nn,nn00751961,2020-06-22T23:23:25.593Z,"27 km SSE of Mina, Nevada",earthquake,,6.5,,,automatic,nn,nn
2020-06-22T23:11:51.770Z,35.3971667,-117.7251667,7.21,1.38,ml,28,68,0.08939,0.22,ci,ci39490888,2020-06-22T23:22:31.790Z,"9km WNW of Johannesburg, CA",earthquake,0.34,1.33,0.135,24,automatic,ci,ci
2020-06-22T23:11:13.890Z,38.2163,-117.7918,5.9,1.7,ml,18,84.91,0.048,0.13,nn,nn00751957,2020-06-22T23:18:47.356Z,"33 km SE of Mina, Nevada",earthquake,,1.1,,,automatic,nn,nn
2020-06-22T23:11:00.980Z,40.6388333,-121.9258333,12.87,1.11,md,7,139,0.1765,0.19,nc,nc73414111,2020-06-23T00:16:04.100Z,"17km N of Shingletown, CA",earthquake,1.01,2.57,0.127,7,reviewed,nc,nc
2020-06-22T23:09:18.150Z,17.925,-66.7631,6,2.6,md,15,221,0.1264,0.16,pr,pr2020174015,2020-06-22T23:32:08.953Z,"9 km SSW of Tallaboa, Puerto Rico",earthquake,0.75,0.37,0.23,9,reviewed,pr,pr
2020-06-22T23:09:17.140Z,38.1908,-117.746,13.3,1.8,ml,25,49.92,0.026,0.08,nn,nn00751955,2020-06-22T23:12:48.644Z,"38 km SE of Mina, Nevada",earthquake,,1.1,,,automatic,nn,nn
2020-06-22T23:06:09.580Z,36.0091667,-120.5648346,3.07,1.02,md,10,112,0.02289,0.04,nc,nc73414106,2020-06-22T23:13:03.692Z,"17km NW of Parkfield, CA",earthquake,0.41,0.73,0.27,3,automatic,nc,nc
2020-06-22T23:04:22.580Z,38.165,-117.955,7.1,1.3,ml,16,102.31,0.02,0.2,nn,nn00751952,2020-06-22T23:10:25.175Z,"28 km SSE of Mina, Nevada",earthquake,,1.3,,,automatic,nn,nn
2020-06-22T23:02:27.380Z,63.0893,-150.9024,116.3,1.1,ml,,,,0.31,ak,ak0208057udr,2020-06-22T23:06:52.848Z,"65 km SE of Denali National Park, Alaska",earthquake,,1.9,,,automatic,ak,ak
2020-06-22T22:59:03.430Z,40.6293333,-121.942,16.53,1.35,md,8,112,,0.1,nc,nc73414101,2020-06-23T00:05:03.033Z,"16km NNW of Shingletown, CA",earthquake,0.51,1.91,0.147,7,reviewed,nc,nc
2020-06-22T22:58:24.230Z,38.1635,-117.8055,13.4,1.5,ml,12,102.08,0.052,0.06,nn,nn00751949,2020-06-22T23:05:57.086Z,"36 km SE of Mina, Nevada",earthquake,,0.7,,,automatic,nn,nn
2020-06-22T22:57:27.840Z,38.171,-117.886,5.6,1.6,ml,22,69.66,0.018,0.13,nn,nn00751946,2020-06-22T23:05:47.924Z,"31 km SE of Mina, Nevada",earthquake,,0.4,,,automatic,nn,nn
2020-06-22T22:55:38.080Z,18.9155,-67.668,5,3.34,md,24,218,0.5636,0.5,pr,pr2020174016,2020-06-23T06:58:16.485Z,"76 km NW of San Antonio, Puerto Rico",earthquake,1.71,31.61,0.06,12,reviewed,pr,pr
2020-06-22T22:54:49.270Z,35.9003333,-117.427,1.92,1.2,ml,19,97,0.117,0.15,ci,ci39490856,2020-06-22T22:58:23.519Z,"15km N of Searles Valley, CA",earthquake,0.27,0.42,0.113,15,automatic,ci,ci
2020-06-22T22:49:18.240Z,40.6438333,-121.9046667,10.25,1.2,md,6,170,,0.06,nc,nc73414096,2020-06-22T23:53:04.953Z,"17km N of Shingletown, CA",earthquake,0.55,1.95,0.285,7,reviewed,nc,nc
2020-06-22T22:35:45.840Z,19.1976661682129,-155.393325805664,31.1299991607666,2.74,ml,57,161,,0.119999997,hv,hv72011816,2020-06-22T22:50:06.040Z,"8 km E of P?hala, Hawaii",earthquake,0.52,0.639999986,2.65,33,automatic,hv,hv
2020-06-22T22:32:55.584Z,-7.3582,128.6747,164.23,4.3,mb,,54,2.673,0.83,us,us6000agu2,2020-06-22T22:57:55.040Z,"225 km NE of Lospalos, Timor Leste",earthquake,8.7,6.7,0.102,27,reviewed,us,us
2020-06-22T22:21:29.050Z,38.1625,-117.898,10.3,0.8,ml,10,117.6,0.017,0.04,nn,nn00751941,2020-06-22T22:24:43.398Z,"31 km SE of Mina, Nevada",earthquake,,0.7,,,automatic,nn,nn
2020-06-22T22:18:49.062Z,59.3503,-152.8008,67,1.4,ml,,,,0.81,ak,ak020804pvvm,2020-06-22T22:28:42.174Z,"50 km W of Nanwalek, Alaska",earthquake,,0.6,,,automatic,ak,ak
2020-06-22T22:12:14.360Z,44.2925,-115.2043333,8.34,2.3,ml,17,68,0.246,0.25,mb,mb80441414,2020-06-22T22:34:19.510Z,"22 km WNW of Stanley, Idaho",earthquake,0.5,1.2,0.22,11,reviewed,mb,mb
2020-06-22T22:10:44.444Z,63.1036,-144.298,5.2,2,ml,,,,0.7,ak,ak020804o5t7,2020-06-22T22:14:27.158Z,"33 km NW of Mentasta Lake, Alaska",earthquake,,0.2,,,automatic,ak,ak
2020-06-22T21:57:51.770Z,36.1381667,-117.9268333,2.06,1.41,ml,14,69,0.06178,0.14,ci,ci39490792,2020-06-22T22:01:37.290Z,"10km N of Coso Junction, CA",earthquake,0.27,0.43,0.201,19,automatic,ci,ci
2020-06-22T21:56:16.706Z,64.7052,-150.8502,32.2,3.8,ml,,,,0.91,ak,ak020804cj04,2020-06-22T23:17:28.860Z,"34 km SSW of Manley Hot Springs, Alaska",earthquake,,0.3,,,reviewed,ak,ak
2020-06-22T21:54:24.150Z,36.8989983,-121.6276703,3.36,1.91,md,7,157,0.04201,0.04,nc,nc73414081,2020-06-23T05:56:50.493Z,"2km NE of Aromas, CA",earthquake,0.54,0.91,0.26,6,automatic,nc,nc
2020-06-22T21:52:49.800Z,38.1525,-117.9663,13.9,1.1,ml,12,99.3,0.019,0.17,nn,nn00751936,2020-06-22T22:05:43.894Z,"29 km SSE of Mina, Nevada",earthquake,,1.4,,,automatic,nn,nn
2020-06-22T21:49:27.660Z,38.22,-117.8662,0.2,1.3,ml,13,115.97,0.016,0.22,nn,nn00751933,2020-06-22T21:53:23.294Z,"28 km SE of Mina, Nevada",earthquake,,10.8,,,automatic,nn,nn
2020-06-22T21:48:21.130Z,38.8688316,-122.8184967,2.43,1.14,md,19,132,0.01103,0.04,nc,nc73414076,2020-06-23T01:55:03.932Z,"10km WNW of Cobb, CA",earthquake,0.41,0.6,0.2,4,automatic,nc,nc
2020-06-22T21:48:00.010Z,36.869,-97.43366667,7,3.66,ml,100,100,0,0.25,ok,ok2020mfte,2020-06-23T11:54:29.531Z,"7 km N of Nardin, Oklahoma",earthquake,,0.7,0.24,39,reviewed,ok,ok
2020-06-22T21:47:08.500Z,38.1527,-118.0067,5.2,1.1,ml,13,140.74,0.036,0.06,nn,nn00751931,2020-06-22T21:50:43.485Z,"27 km SSE of Mina, Nevada",earthquake,,1,,,automatic,nn,nn
2020-06-22T21:43:17.780Z,37.9246674,-121.8256683,15.71,1.86,md,11,172,0.04301,0.09,nc,nc73414071,2020-06-23T01:28:04.761Z,"9km W of Brentwood, CA",earthquake,1.34,1.73,0.17,9,automatic,nc,nc
2020-06-22T21:41:18.670Z,38.8693352,-122.8188324,2.39,1.24,md,22,136,0.01075,0.03,nc,nc73414066,2020-06-23T00:34:03.226Z,"10km WNW of Cobb, CA",earthquake,0.37,0.49,0.1,5,automatic,nc,nc
2020-06-22T21:38:10.270Z,34.072,-117.2871667,15.72,0.8,ml,13,142,0.1073,0.14,ci,ci39490752,2020-06-23T02:31:57.328Z,"2km E of Colton, CA",earthquake,0.39,0.73,0.128,10,reviewed,ci,ci
2020-06-22T21:17:00.990Z,38.1708,-117.9802,0.4,1.1,ml,10,95.38,0.028,0.03,nn,nn00751929,2020-06-22T21:48:02.236Z,"26 km SSE of Mina, Nevada",earthquake,,0.5,,,automatic,nn,nn
2020-06-22T21:13:27.860Z,40.4278336,-125.0518341,-0.34,2.72,md,18,287,0.6245,0.28,nc,nc73414061,2020-06-22T23:40:04.864Z,"66km W of Petrolia, CA",earthquake,4.17,9.79,0.17,5,automatic,nc,nc
2020-06-22T21:07:02.270Z,44.2725,-115.089,10.73,1.76,ml,11,86,0.297,0.21,mb,mb80441399,2020-06-22T23:04:48.940Z,"13 km WNW of Stanley, Idaho",earthquake,0.52,1.16,0.192,8,reviewed,mb,mb
2020-06-22T21:02:17.760Z,38.1632,-118.004,8,1.2,ml,15,140.78,0.034,0.07,nn,nn00751925,2020-06-22T21:12:03.454Z,"26 km SSE of Mina, Nevada",earthquake,,1.1,,,automatic,nn,nn
2020-06-22T20:55:24.522Z,58.5594,-154.4248,4,0.8,ml,,,,0.36,ak,ak020803qv1i,2020-06-22T21:00:17.032Z,"100 km SSE of Kokhanok, Alaska",earthquake,,0.8,,,automatic,ak,ak
2020-06-22T20:48:56.534Z,58.2748,-153.6274,63.7,1.5,ml,,,,0.37,ak,ak020803pgra,2020-06-22T20:55:35.330Z,"48 km WNW of Aleneva, Alaska",earthquake,,1,,,automatic,ak,ak
2020-06-22T20:43:08.240Z,36.0881667,-117.8443333,3.2,0.77,ml,8,139,0.03057,0.05,ci,ci39490656,2020-06-22T20:46:44.859Z,"10km ENE of Coso Junction, CA",earthquake,0.21,0.49,0.263,9,automatic,ci,ci
2020-06-22T20:42:35.000Z,44.7388333,-110.7851667,2.07,0.11,md,7,150,0.06794,0.06,uu,uu60398092,2020-06-22T21:15:57.120Z,"26 km ENE of West Yellowstone, Montana",earthquake,0.35,7.31,0.338,4,reviewed,uu,uu
2020-06-22T20:42:01.090Z,17.938,-66.9546,11,2.15,md,16,219,0.084,0.21,pr,pr2020174014,2020-06-22T21:07:07.750Z,"6 km SW of Guánica, Puerto Rico",earthquake,0.69,0.44,0.39,8,reviewed,pr,pr
2020-06-22T20:34:28.440Z,48.0658333333333,-123.497,-0.2869,1.32,ml,11,93,0.007569,0.31,uw,uw61645681,2020-06-22T20:44:35.500Z,"7 km SW of Port Angeles, Washington",quarry blast,1.26,0.72,0.135791750532567,5,reviewed,uw,uw
2020-06-22T20:20:08.060Z,38.8071671,-122.8219986,3.24,0.88,md,12,76,0.005861,0.02,nc,nc73414041,2020-06-22T20:34:03.747Z,"7km WNW of The Geysers, CA",earthquake,0.4,0.98,,1,automatic,nc,nc
2020-06-22T20:18:25.170Z,38.1748,-117.8957,7,0.7,ml,10,84.11,0.014,0.03,nn,nn00751919,2020-06-22T20:26:42.726Z,"30 km SE of Mina, Nevada",earthquake,,0.9,,,automatic,nn,nn
2020-06-22T20:14:43.855Z,66.2177,-157.1828,2.2,0.9,ml,,,,0.64,ak,ak020803i5cd,2020-06-22T20:24:29.217Z,"67 km NNW of Huslia, Alaska",earthquake,,0.6,,,automatic,ak,ak
2020-06-22T20:08:55.270Z,36.35733333,-97.363,7.74,1.15,ml,39,65,0.142172101,0.25,ok,ok2020mfpx,2020-06-22T20:19:19.569Z,"10 km NW of Perry, Oklahoma",earthquake,,0.9,0.27,15,reviewed,ok,ok
2020-06-22T20:03:54.860Z,38.1513,-117.9663,9.9,0.7,ml,10,109.87,0.015,0.02,nn,nn00751918,2020-06-22T20:08:21.774Z,"29 km SSE of Mina, Nevada",earthquake,,3.5,,,automatic,nn,nn
2020-06-22T20:03:38.131Z,58.1909,-155.367,3.7,-0.1,ml,,,,0.06,ak,ak020803frb3,2020-06-22T20:22:47.886Z,"87 km NW of Karluk, Alaska",earthquake,,1.7,,,reviewed,ak,ak
2020-06-22T20:01:51.980Z,33.1926667,-115.604,3.17,1.65,ml,24,43,0.01825,0.24,ci,ci39490584,2020-06-22T20:05:37.488Z,"10km WSW of Niland, CA",earthquake,0.38,0.43,0.226,27,automatic,ci,ci
2020-06-22T19:59:04.560Z,35.0526667,-118.3408333,0.35,1.38,ml,21,61,0.06193,0.29,ci,ci39490576,2020-06-22T20:10:22.180Z,"13km SE of Tehachapi, CA",earthquake,0.64,31.61,0.172,32,automatic,ci,ci
2020-06-22T19:57:19.000Z,36.693,-97.684,5,2.87,ml,92,49,0,0.26,ok,ok2020mfpn,2020-06-23T03:59:49.573Z,"10 km ESE of Jefferson, Oklahoma",earthquake,,0.6,0.24,39,reviewed,ok,ok
2020-06-22T19:52:28.030Z,38.2012,-117.7442,2.1,1.1,ml,10,108.13,0.035,0.21,nn,nn00751916,2020-06-22T20:05:43.921Z,"38 km ESE of Mina, Nevada",earthquake,,4,,,automatic,nn,nn
2020-06-22T19:46:27.420Z,34.25233333,-96.30983333,17.95,1.68,ml,30,211,0.4391138309,0.54,ok,ok2020mfpe,2020-06-22T19:53:52.147Z,"9 km WNW of Caney, Oklahoma",earthquake,,5.2,0.15,12,reviewed,ok,ok
2020-06-22T19:46:14.940Z,38.1847,-117.9052,9,1.3,ml,12,78.79,0.03,0.03,nn,nn00751911,2020-06-22T19:53:44.935Z,"28 km SE of Mina, Nevada",earthquake,,1.3,,,automatic,nn,nn
2020-06-22T19:40:57.070Z,35.6413333,-117.5726667,4.86,1.3,ml,17,128,0.1535,0.16,ci,ci39490560,2020-06-22T19:44:43.345Z,"10km ENE of Ridgecrest, CA",earthquake,0.3,1.01,0.128,19,automatic,ci,ci
2020-06-22T19:39:40.630Z,36.0285,-117.881,4.31,0.99,ml,15,143,0.02207,0.11,ci,ci39490544,2020-06-22T20:24:53.065Z,"6km ESE of Coso Junction, CA",earthquake,0.31,0.45,0.209,16,reviewed,ci,ci
2020-06-22T19:38:09.680Z,38.16,-117.958,10,1.6,ml,19,91.85,0.027,0.08,nn,nn00751908,2020-06-22T19:47:25.733Z,"28 km SSE of Mina, Nevada",earthquake,,1,,,automatic,nn,nn
2020-06-22T19:34:18.300Z,38.1452,-117.9567,9.8,1.6,ml,11,83.99,0.014,0.09,nn,nn00751905,2020-06-22T19:39:24.456Z,"30 km SSE of Mina, Nevada",earthquake,,0.8,,,automatic,nn,nn
2020-06-22T19:31:38.160Z,44.3483333,-115.1866667,3.01,1.71,ml,10,72,0.296,0.29,mb,mb80441364,2020-06-22T23:13:00.140Z,"24 km NW of Stanley, Idaho",earthquake,0.69,3.03,0.127,8,reviewed,mb,mb
2020-06-22T19:30:37.937Z,38.1549,-117.9513,9.1,3.3,ml,32,47.76,0.017,0.1072,nn,nn00751902,2020-06-23T02:22:10.234Z,"29 km SSE of Mina, Nevada",earthquake,,0.6,0.37,15,reviewed,nn,nn
2020-06-22T19:28:37.965Z,62.1014,-150.8036,90.6,1.2,ml,,,,0.79,ak,ak020802zped,2020-06-22T19:35:55.271Z,"33 km ENE of Skwentna, Alaska",earthquake,,1,,,automatic,ak,ak
2020-06-22T19:25:15.980Z,35.8585,-117.6835,5.53,0.55,ml,9,111,0.08187,0.07,ci,ci39490512,2020-06-22T19:29:05.346Z,"22km ESE of Little Lake, CA",earthquake,0.25,0.98,0.135,5,automatic,ci,ci
2020-06-22T19:19:37.980Z,38.1673,-117.994,0.1,0.5,ml,8,162.31,0.033,0.27,nn,nn00751901,2020-06-22T19:31:21.325Z,"26 km SSE of Mina, Nevada",earthquake,,10.7,,,automatic,nn,nn
2020-06-22T19:17:46.634Z,61.6772,-151.383,19.4,0.8,ml,,,,0.45,ak,ak020802xd6v,2020-06-22T19:24:01.302Z,"34 km S of Skwentna, Alaska",earthquake,,0.2,,,automatic,ak,ak
2020-06-22T19:15:59.830Z,38.1367,-118.0282,0.9,1,ml,11,175,0.069,0.08,nn,nn00751898,2020-06-22T19:21:41.948Z,"29 km SSE of Mina, Nevada",earthquake,,10,,,automatic,nn,nn
2020-06-22T19:01:50.670Z,53.8686667,-166.7658333,7.78,0.88,ml,7,99,0.0496,0.1,av,av62185676,2020-06-22T23:45:29.610Z,"14 km W of Dutch Harbor, Alaska",earthquake,0.35,0.44,0.227,6,reviewed,av,av
2020-06-22T19:01:33.560Z,32.749,-116.9085,5.61,1.49,ml,17,104,0.03154,0.22,ci,ci39490472,2020-06-22T19:05:32.018Z,"2km E of Rancho San Diego, CA",quarry blast,0.82,1.25,0.247,20,automatic,ci,ci
2020-06-22T18:56:31.215Z,66.2632,-157.3809,1.9,1.2,ml,,,,0.71,ak,ak020802k998,2020-06-22T18:59:32.602Z,"70 km S of Shungnak, Alaska",earthquake,,0.3,,,automatic,ak,ak
2020-06-22T18:54:39.160Z,38.1345,-118.027,2.4,0.6,ml,10,162.83,0.039,0.06,nn,nn00751897,2020-06-22T19:10:21.973Z,"29 km SSE of Mina, Nevada",earthquake,,7.4,,,automatic,nn,nn
2020-06-22T18:53:45.460Z,19.1988334655762,-155.458999633789,-0.119999997317791,2.28,ml,44,110,,0.209999993,hv,hv72011591,2020-06-22T18:59:20.450Z,"2 km ESE of P?hala, Hawaii",earthquake,0.38,0.170000002,3.12,24,automatic,hv,hv
2020-06-22T18:52:03.610Z,35.9558333,-118.5941667,5.5,1.45,ml,26,69,0.2197,0.18,ci,ci39490440,2020-06-23T02:25:46.255Z,"27km NW of Kernville, CA",earthquake,0.26,1.78,0.304,12,reviewed,ci,ci
2020-06-22T18:46:05.390Z,38.0952,-118.0488,0.1,0.8,ml,12,163.01,0.048,0.27,nn,nn00751893,2020-06-22T18:56:42.734Z,"33 km S of Mina, Nevada",earthquake,,23.4,,,automatic,nn,nn
2020-06-22T18:43:16.228Z,62.0533,-148.2827,20,2.5,ml,,,,0.81,ak,ak020802hfv6,2020-06-22T19:09:45.040Z,"30 km NNE of Chickaloon, Alaska",earthquake,,0.5,,,automatic,ak,ak
2020-06-22T18:42:59.990Z,35.9286667,-117.7533333,8.15,0.72,ml,17,57,0.05617,0.1,ci,ci39490432,2020-06-22T23:39:29.300Z,"14km E of Little Lake, CA",earthquake,0.16,0.42,0.207,10,reviewed,ci,ci
2020-06-22T18:42:21.520Z,35.9285,-117.7543333,8.07,0.76,ml,13,82,0.05548,0.09,ci,ci39490424,2020-06-22T20:25:58.073Z,"14km E of Little Lake, CA",earthquake,0.22,0.73,0.269,6,reviewed,ci,ci
2020-06-22T18:41:02.880Z,34.7931667,-118.9391667,12.67,1.39,ml,25,41,0.03065,0.32,ci,ci39490408,2020-06-22T18:44:50.983Z,"3km S of Frazier Park, CA",earthquake,0.63,1,0.301,28,automatic,ci,ci
2020-06-22T18:35:14.600Z,38.1848,-118.6515,3.9,1.8,ml,9,209.26,0.473,0.26,nn,nn00751892,2020-06-22T18:44:22.997Z,"37 km S of Hawthorne, Nevada",earthquake,,23.5,,,automatic,nn,nn
2020-06-22T18:33:06.770Z,37.9823333,-122.4566667,-0.03,1.26,md,21,127,0.02423,0.08,nc,nc73414026,2020-06-23T04:24:23.764Z,"6km ESE of Santa Venetia, CA",quarry blast,0.24,31.61,0.219,15,reviewed,nc,nc
2020-06-22T18:30:36.740Z,36.4469986,-121.4628296,8.94,1.86,md,20,98,0.06871,0.09,nc,nc73414021,2020-06-22T20:29:03.853Z,"7km SSW of Gonzales, CA",earthquake,0.45,0.98,0.27,16,automatic,nc,nc
2020-06-22T18:29:48.830Z,38.142,-118.0217,2.1,1.2,ml,14,145.5,0.038,0.05,nn,nn00751890,2020-06-22T18:37:09.743Z,"28 km SSE of Mina, Nevada",earthquake,,9.2,,,automatic,nn,nn
2020-06-22T18:28:34.920Z,38.0583,-118.2417,15.2,1,ml,9,201.67,0.188,0.11,nn,nn00751889,2020-06-22T18:37:00.777Z,"33 km NE of Benton, California",earthquake,,11.4,,,automatic,nn,nn
2020-06-22T18:25:08.480Z,36.35716667,-97.363,5,1.28,ml,66,34,0.142172101,0.26,ok,ok2020mfmm,2020-06-22T18:34:27.210Z,"10 km NW of Perry, Oklahoma",earthquake,,0.6,0.19,27,reviewed,ok,ok
2020-06-22T18:20:15.410Z,38.8154984,-122.8276672,1.72,0.56,md,8,122,0.006725,0.02,nc,nc73414016,2020-06-22T18:38:04.954Z,"8km NW of The Geysers, CA",earthquake,0.45,1.06,,1,automatic,nc,nc
2020-06-22T18:12:38.817Z,62.5144,-151.1586,72.7,2.8,ml,,,,0.53,ak,ak020802aucq,2020-06-22T19:00:45.040Z,"20 km W of Petersville, Alaska",earthquake,,0.6,,,automatic,ak,ak
2020-06-22T18:11:07.789Z,-33.2023,-178.477,10,5.1,mb,,111,3.972,1.02,us,us6000agnu,2020-06-22T18:43:35.040Z,"south of the Kermadec Islands",earthquake,10.9,1.8,0.093,37,reviewed,us,us
2020-06-22T18:08:08.490Z,19.2016658782959,-155.39599609375,31.9599990844727,2,md,50,159,,0.109999999,hv,hv72011571,2020-06-22T18:11:22.990Z,"8 km E of P?hala, Hawaii",earthquake,0.57,0.709999979,0.589999974,29,automatic,hv,hv
2020-06-22T18:08:01.230Z,38.8050003,-122.7931671,0.97,1.05,md,24,44,0.003401,0.04,nc,nc73414011,2020-06-22T18:27:03.887Z,"4km NW of The Geysers, CA",earthquake,0.18,0.32,0.08,6,automatic,nc,nc
2020-06-22T18:07:56.338Z,65.2445,-148.7099,7.9,1,ml,,,,0.45,ak,ak0208029t69,2020-06-22T18:11:15.686Z,"31 km ENE of Minto, Alaska",earthquake,,0.4,,,automatic,ak,ak
2020-06-22T18:03:44.712Z,59.9499,-148.4099,18.6,1.9,ml,,,,1.04,ak,ak0208028xet,2020-06-22T18:14:27.210Z,"25 km WSW of Chenega, Alaska",earthquake,,0.2,,,automatic,ak,ak
2020-06-22T18:03:12.600Z,38.8051682,-122.7821655,2.37,0.79,md,12,84,0.008161,0.01,nc,nc73414006,2020-06-22T18:17:03.821Z,"4km NW of The Geysers, CA",earthquake,0.38,0.81,0.24,2,automatic,nc,nc
2020-06-22T17:51:45.700Z,38.1953,-117.733,11.2,1.1,ml,11,172,0.037,0.16,nn,nn00751880,2020-06-22T17:56:03.970Z,"39 km ESE of Mina, Nevada",earthquake,,2.4,,,automatic,nn,nn
2020-06-22T17:47:35.263Z,38.1776,-117.7909,11.6,2.4,ml,27,48.54,0.061,0.114,nn,nn00751875,2020-06-23T02:20:26.288Z,"36 km SE of Mina, Nevada",earthquake,,0.7,0.37,14,reviewed,nn,nn
2020-06-22T17:46:41.940Z,35.895,-117.713,10.23,-0.02,ml,7,96,0.07328,0.1,ci,ci39490344,2020-06-22T23:55:40.367Z,"18km ESE of Little Lake, CA",earthquake,0.33,0.94,0.026,2,reviewed,ci,ci
2020-06-22T17:40:55.090Z,39.342,-121.3253333,12.58,2.08,md,10,163,0.1242,0.03,nc,nc73413996,2020-06-22T21:41:03.159Z,"9km ENE of Loma Rica, CA",earthquake,0.35,1.06,0.165,15,reviewed,nc,nc
2020-06-22T17:39:13.720Z,44.5916667,-110.92,9.58,0.93,md,9,112,0.05793,0.1,uu,uu60398062,2020-06-22T21:20:05.290Z,"16 km ESE of West Yellowstone, Montana",earthquake,0.55,0.86,0.415,7,reviewed,uu,uu
2020-06-22T17:38:50.970Z,17.927,-66.8148,11,2.81,md,16,212,0.0804,0.22,pr,pr2020174013,2020-06-22T17:58:18.752Z,"7 km S of Indios, Puerto Rico",earthquake,0.78,0.64,0.02,3,reviewed,pr,pr
2020-06-22T17:38:05.900Z,36.3555,-97.36583333,7.58,1.59,ml,76,34,0,0.37,ok,ok2020mfky,2020-06-22T17:49:00.995Z,"10 km NW of Perry, Oklahoma",earthquake,,1,0.23,35,reviewed,ok,ok
2020-06-22T17:32:08.250Z,35.8996667,-117.4225,1.71,1.26,ml,18,114,0.1133,0.18,ci,ci39490312,2020-06-22T17:36:01.224Z,"15km N of Searles Valley, CA",earthquake,0.37,0.49,0.175,15,automatic,ci,ci
2020-06-22T17:25:30.760Z,38.1895,-117.7452,11.9,1.8,ml,20,94.26,0.024,0.09,nn,nn00751870,2020-06-22T17:36:47.265Z,"38 km SE of Mina, Nevada",earthquake,,1.2,,,automatic,nn,nn
2020-06-22T17:21:23.860Z,38.1772,-117.8862,7.6,0.7,ml,10,114.24,0.016,0.03,nn,nn00751868,2020-06-22T17:25:09.713Z,"30 km SE of Mina, Nevada",earthquake,,7.1,,,automatic,nn,nn
2020-06-22T17:09:31.450Z,33.1763333,-116.0003333,3.54,0.97,ml,18,119,0.142,0.28,ci,ci39490296,2020-06-22T17:13:10.225Z,"13km ENE of Ocotillo Wells, CA",earthquake,0.78,2.63,0.224,17,automatic,ci,ci
2020-06-22T17:09:23.860Z,40.7371667,-112.0443333,10.08,0.24,md,7,139,0.03047,0.1,uu,uu60398057,2020-06-22T21:22:42.580Z,"5 km ENE of Magna, Utah",earthquake,0.46,0.81,0.052,3,reviewed,uu,uu
2020-06-22T17:07:55.350Z,38.231,-117.8645,0.7,1.4,ml,10,82.85,0.036,0.24,nn,nn00751865,2020-06-22T17:13:22.825Z,"27 km SE of Mina, Nevada",earthquake,,18.2,,,automatic,nn,nn
2020-06-22T17:06:45.870Z,38.815834,-122.8264999,2.11,0.61,md,12,66,0.007264,0.02,nc,nc73413986,2020-06-22T17:34:03.552Z,"7km NW of The Geysers, CA",earthquake,0.32,0.74,0.36,2,automatic,nc,nc
2020-06-22T17:05:29.250Z,44.3621667,-115.2236667,14.15,2.4,ml,12,77,0.293,0.17,mb,mb80441334,2020-06-22T22:08:01.540Z,"27 km NW of Stanley, Idaho",earthquake,0.4,1.06,0.103,12,reviewed,mb,mb
2020-06-22T17:04:59.100Z,38.8263321,-122.8030014,2.49,0.67,md,14,51,0.006255,0.01,nc,nc73413981,2020-06-22T17:29:02.514Z,"7km NW of The Geysers, CA",earthquake,0.31,0.65,0.1,2,automatic,nc,nc
2020-06-22T17:03:29.980Z,38.7928352,-122.706337,0.32,0.66,md,8,127,0.02523,0.04,nc,nc73413976,2020-06-22T17:24:02.483Z,"2km NNW of Anderson Springs, CA",earthquake,0.44,1.7,0.26,3,automatic,nc,nc
2020-06-22T16:57:38.960Z,38.1823,-117.9428,7.5,0.6,ml,10,105.24,0.03,0.03,nn,nn00751863,2020-06-22T17:09:29.646Z,"27 km SSE of Mina, Nevada",earthquake,,1.1,,,automatic,nn,nn
2020-06-22T16:55:46.420Z,35.8935,-117.717,9.54,0.42,ml,10,100,0.07662,0.04,ci,ci39490264,2020-06-22T16:59:19.139Z,"18km ESE of Little Lake, CA",earthquake,0.16,0.47,0.183,4,automatic,ci,ci
2020-06-22T16:46:37.149Z,36.356,-97.36466667,7.72,1.77,ml,85,34,0,0.28,ok,ok2020mfjg,2020-06-22T17:02:36.612Z,"10 km NW of Perry, Oklahoma",earthquake,,0.8,0.24,33,reviewed,ok,ok
2020-06-22T16:40:33.960Z,35.8356667,-117.6978333,8.41,1.11,ml,16,66,0.06083,0.18,ci,ci39490216,2020-06-22T16:44:21.504Z,"22km ESE of Little Lake, CA",earthquake,0.31,0.94,0.183,16,automatic,ci,ci
2020-06-22T16:36:01.180Z,38.8026657,-122.8225021,2.86,0.32,md,12,77,0.008097,0.04,nc,nc73413956,2020-06-22T16:54:02.269Z,"6km WNW of The Geysers, CA",earthquake,0.44,0.95,0.24,2,automatic,nc,nc
2020-06-22T16:29:14.470Z,38.0386667,-118.769,5.05,2.6,md,33,92,0.2974,0.04,nc,nc73413951,2020-06-23T04:41:03.469Z,"29km SE of Bodie, CA",earthquake,0.26,5.64,0.257,40,reviewed,nc,nc
2020-06-22T16:26:55.011Z,68.516,-147.6328,0,1.2,ml,,,,0.78,ak,ak02080170gb,2020-06-22T16:33:58.564Z,"96 km WNW of Arctic Village, Alaska",earthquake,,0.5,,,automatic,ak,ak
2020-06-22T16:19:06.746Z,38.1412,-117.9826,11.1,2.5,ml,27,60.5,0.018,0.1228,nn,nn00751850,2020-06-23T02:20:19.769Z,"29 km SSE of Mina, Nevada",earthquake,,0.6,0.23,13,reviewed,nn,nn
2020-06-22T16:16:48.710Z,38.8165016,-122.8199997,2.51,0.32,md,11,61,0.01037,0.02,nc,nc73413941,2020-06-22T17:03:04.325Z,"7km NW of The Geysers, CA",earthquake,0.35,0.75,0.24,2,automatic,nc,nc
2020-06-22T16:16:29.940Z,35.6091667,-117.416,7.7,1.44,ml,25,78,0.04392,0.15,ci,ci39490152,2020-06-22T16:27:17.290Z,"18km S of Trona, CA",earthquake,0.33,0.62,0.258,18,automatic,ci,ci
2020-06-22T16:16:22.110Z,38.1397,-117.8877,10.2,1.5,ml,16,60.43,0.029,0.17,nn,nn00751846,2020-06-22T16:19:45.421Z,"33 km SE of Mina, Nevada",earthquake,,1.1,,,automatic,nn,nn
2020-06-22T16:15:09.987Z,60.289,-149.5571,25.9,1.4,ml,,,,0.66,ak,ak0208014k0w,2020-06-22T16:19:23.444Z,"13 km WSW of Primrose, Alaska",earthquake,,0.4,,,automatic,ak,ak
2020-06-22T16:09:51.120Z,38.1242,-118.0752,6.9,1.9,ml,22,65.2,0.047,0.13,nn,nn00751841,2020-06-22T16:17:27.335Z,"29 km S of Mina, Nevada",earthquake,,0.6,,,automatic,nn,nn
2020-06-22T16:06:43.930Z,38.7991676,-122.8198318,2.7,0.91,md,19,86,0.01213,0.02,nc,nc73413931,2020-06-22T18:28:03.255Z,"6km WNW of The Geysers, CA",earthquake,0.26,0.54,0.13,3,automatic,nc,nc
2020-06-22T16:05:47.590Z,38.1775,-117.9737,5.8,1,ml,14,99.59,0.029,0.09,nn,nn00751838,2020-06-22T16:09:02.309Z,"26 km SSE of Mina, Nevada",earthquake,,0.7,,,automatic,nn,nn
2020-06-22T16:02:37.190Z,17.961,-66.8763,12,2.91,md,13,202,0.0144,0.2,pr,pr2020174012,2020-06-22T18:20:09.481Z,"2 km SE of Maria Antonia, Puerto Rico",earthquake,0.8,0.47,0.47,3,reviewed,pr,pr
2020-06-22T16:01:36.560Z,44.785,-110.6891667,2.02,0.65,md,8,257,0.06986,0.1,uu,uu60398042,2020-06-22T21:28:22.800Z,"21 km S of Mammoth, Wyoming",earthquake,1.35,6.2,0.601,5,reviewed,uu,uu
2020-06-22T15:58:39.580Z,38.1767,-117.7822,14,1,ml,10,165.06,0.066,0.07,nn,nn00751837,2020-06-22T16:07:22.168Z,"37 km SE of Mina, Nevada",earthquake,,0.9,,,automatic,nn,nn
2020-06-22T15:58:09.910Z,33.5028333,-116.5208333,10.96,0.43,ml,17,55,0.05518,0.2,ci,ci39490128,2020-06-22T16:01:54.760Z,"15km ESE of Anza, CA",earthquake,0.41,0.86,0.199,9,automatic,ci,ci
2020-06-22T15:54:01.600Z,53.869,-166.7641667,7.61,0.35,ml,5,116,0.04856,0.09,av,av70903484,2020-06-22T23:43:58.100Z,"14 km W of Dutch Harbor, Alaska",earthquake,0.41,0.96,0.217,5,reviewed,av,av
2020-06-22T15:53:45.490Z,53.8738333,-166.7641667,8.27,0.67,ml,5,123,0.0474,0.09,av,av62185621,2020-06-22T23:41:56.600Z,"14 km W of Dutch Harbor, Alaska",earthquake,0.36,0.99,0.14,5,reviewed,av,av
2020-06-22T15:48:24.670Z,38.8043327,-122.7393341,1.34,1.3,md,24,62,0.01635,0.05,nc,nc73413921,2020-06-22T18:01:03.720Z,"2km SW of Cobb, CA",earthquake,0.22,0.43,0.16,8,automatic,nc,nc
2020-06-22T15:47:47.440Z,38.1817,-117.8948,3.5,1.3,ml,13,99.6,0.011,0.09,nn,nn00751834,2020-06-22T15:51:41.893Z,"29 km SE of Mina, Nevada",earthquake,,1.2,,,automatic,nn,nn
2020-06-22T15:44:29.208Z,38.1575,-117.9208,10,2.4,ml,29,55.91,0.036,0.1099,nn,nn00751831,2020-06-23T02:20:17.107Z,"30 km SSE of Mina, Nevada",earthquake,,0.5,0.33,14,reviewed,nn,nn
2020-06-22T15:40:47.700Z,38.1433,-118.076,1.6,1.3,ml,14,166.69,0.107,0.29,nn,nn00751829,2020-06-22T15:45:41.746Z,"27 km S of Mina, Nevada",earthquake,,18.8,,,automatic,nn,nn
2020-06-22T15:39:49.910Z,38.1378,-118.0497,1.8,0.7,ml,10,158.22,0.069,0.09,nn,nn00751828,2020-06-22T15:43:01.352Z,"28 km S of Mina, Nevada",earthquake,,11.4,,,automatic,nn,nn
2020-06-22T15:33:39.280Z,4.7253,127.5156,53.61,4.4,mb,,116,3.022,0.94,us,us6000agl5,2020-06-22T16:28:37.040Z,"233 km SE of Pondaguitan, Philippines",earthquake,8.6,6.1,0.112,23,reviewed,us,us
2020-06-22T15:31:45.350Z,34.0435,-116.7243333,11.2,1.14,ml,42,49,0.06362,0.18,ci,ci39490096,2020-06-22T15:35:22.821Z,"13km W of Morongo Valley, CA",earthquake,0.33,0.71,0.126,29,automatic,ci,ci
2020-06-22T15:29:22.910Z,35.6121667,-117.4178333,7.95,0.73,ml,10,171,0.04431,0.19,ci,ci39490088,2020-06-22T15:32:51.557Z,"17km SSW of Trona, CA",earthquake,0.68,0.86,0.131,5,automatic,ci,ci
2020-06-22T15:27:17.360Z,38.1587,-117.918,10.7,1.2,ml,11,116.68,0.034,0.07,nn,nn00751823,2020-06-22T15:39:02.603Z,"30 km SSE of Mina, Nevada",earthquake,,1.2,,,automatic,nn,nn
2020-06-22T15:26:21.970Z,34.2598333,-116.4318333,1.94,1.4,ml,29,60,0.05159,0.29,ci,ci39490072,2020-06-22T15:37:41.190Z,"16km N of Yucca Valley, CA",earthquake,0.39,0.73,0.107,26,automatic,ci,ci
2020-06-22T15:22:09.860Z,18.0148,-66.8526,14,2.26,md,11,130,0.0478,0.19,pr,pr2020174011,2020-06-22T15:39:03.562Z,"2 km E of Palomas, Puerto Rico",earthquake,0.48,0.88,0.19,5,reviewed,pr,pr
2020-06-22T15:18:02.950Z,33.143,-116.4785,7.59,0.73,ml,19,139,0.1175,0.24,ci,ci39490064,2020-06-22T15:21:48.481Z,"14km ENE of Julian, CA",earthquake,0.68,1.62,0.144,8,automatic,ci,ci
2020-06-22T15:16:02.830Z,38.0343333,-118.7941667,4.65,1.52,md,24,101,0.2977,0.06,nc,nc73413901,2020-06-22T21:55:03.240Z,"27km SE of Bodie, CA",earthquake,0.39,8.79,0.249,22,reviewed,nc,nc
2020-06-22T15:07:42.330Z,34.0115,-117.1935,14.96,0.98,ml,35,82,0.06623,0.15,ci,ci39490032,2020-06-23T00:19:40.495Z,"5km SSW of Redlands, CA",earthquake,0.21,0.41,0.132,16,reviewed,ci,ci
2020-06-22T15:07:20.487Z,52.0685,-175.9752,5.4,0.3,ml,,,,0.22,ak,ak020800h9gt,2020-06-22T18:54:39.458Z,"50 km ENE of Adak, Alaska",earthquake,,2.3,,,reviewed,ak,ak
2020-06-22T15:06:25.811Z,38.154,-117.9653,11.9,2.3,ml,30,52.56,0.016,0.169,nn,nn00751819,2020-06-23T02:20:14.456Z,"29 km SSE of Mina, Nevada",earthquake,,0.5,0.29,15,reviewed,nn,nn
2020-06-22T15:00:50.165Z,63.5177,-147.4142,20.8,1.3,ml,,,,0.78,ak,ak020800fzvc,2020-06-22T15:07:15.996Z,"77 km E of Cantwell, Alaska",earthquake,,0.6,,,automatic,ak,ak
2020-06-22T14:59:44.397Z,13.5916,-90.93,35,4.3,mb,,198,1.188,1.24,us,us6000agjx,2020-06-22T16:13:48.040Z,"38 km SSW of Puerto San José, Guatemala",earthquake,3.7,2,0.071,57,reviewed,us,us
2020-06-22T14:59:03.840Z,38.1807,-117.7648,10.9,1.2,ml,15,97.09,0.151,0.07,nn,nn00751817,2020-06-22T15:07:42.397Z,"38 km SE of Mina, Nevada",earthquake,,1.9,,,automatic,nn,nn
2020-06-22T14:57:46.100Z,35.8206667,-117.6575,5.37,1.52,ml,21,56,0.049,0.13,ci,ci39490024,2020-06-22T20:27:56.081Z,"22km N of Ridgecrest, CA",earthquake,0.2,0.66,0.145,26,reviewed,ci,ci
2020-06-22T14:56:55.140Z,33.5845,-116.7991667,6.9,0.36,ml,15,91,0.03067,0.1,ci,ci39490016,2020-06-22T20:27:59.082Z,"12km WNW of Anza, CA",earthquake,0.32,0.45,0.206,7,reviewed,ci,ci
2020-06-22T14:49:08.430Z,36.4571667,-117.9873333,6.91,1.43,ml,16,85,0.07681,0.18,ci,ci39489992,2020-06-22T20:28:14.083Z,"16km SSE of Lone Pine, CA",earthquake,0.37,1.02,0.244,10,reviewed,ci,ci
2020-06-22T14:39:39.900Z,38.8354988,-122.7826691,1.74,0.93,md,14,64,0.006661,0.03,nc,nc73413891,2020-06-22T16:25:06.052Z,"5km WNW of Cobb, CA",earthquake,0.29,0.55,0.11,3,automatic,nc,nc
2020-06-22T14:36:36.677Z,44.5067,-115.2482,10,2.8,ml,,63,0.416,0.27,us,us6000agjb,2020-06-22T15:43:56.040Z,"40 km NW of Stanley, Idaho",earthquake,3.6,2,0.045,64,reviewed,us,us
2020-06-22T14:33:27.458Z,38.1781,-117.7309,3.3,2.1,ml,27,50.48,0.051,0.1405,nn,nn00751810,2020-06-23T02:20:11.499Z,"40 km SE of Mina, Nevada",earthquake,,1.3,0.41,13,reviewed,nn,nn
2020-06-22T14:30:46.640Z,18.7886,-65.2366,34,3.25,md,10,326,0.8904,0.15,pr,pr2020174010,2020-06-22T15:20:14.516Z,"54 km N of Culebra, Puerto Rico",earthquake,1.24,6.62,0.07,7,reviewed,pr,pr
2020-06-22T14:30:46.138Z,-22.8702,-112.3344,10,4.9,mb,,194,5.016,0.79,us,us6000agjh,2020-06-22T15:14:17.040Z,"Easter Island region",earthquake,13.8,1.9,0.042,177,reviewed,us,us
2020-06-22T14:29:13.368Z,-33.8156,-178.0567,16.94,5.5,mww,,68,4.558,0.75,us,us6000agjg,2020-06-22T22:15:42.883Z,"south of the Kermadec Islands",earthquake,8.7,2.7,0.048,42,reviewed,us,us
2020-06-22T14:22:52.400Z,19.2071666717529,-155.371994018555,31.4400005340576,1.99000001,md,52,161,,0.129999995,hv,hv72011316,2020-06-22T14:26:02.490Z,"11 km E of P?hala, Hawaii",earthquake,0.56,0.680000007,0.920000017,28,automatic,hv,hv
2020-06-22T14:11:28.670Z,38.1195,-118.0893,1.1,1.4,ml,16,117.31,0.041,0.06,nn,nn00751805,2020-06-22T14:31:45.169Z,"30 km S of Mina, Nevada",earthquake,,5.8,,,automatic,nn,nn
2020-06-22T14:08:09.900Z,36.4486667,-117.9801667,5.12,2.33,ml,21,137,0.0811,0.21,ci,ci39489960,2020-06-22T14:12:01.042Z,"17km SSE of Lone Pine, CA",earthquake,0.44,1.41,0.126,25,automatic,ci,ci
2020-06-22T14:03:53.748Z,53.8496,-166.7375,7.1,0.5,ml,,,,0.28,ak,ak0207zzv6ai,2020-06-22T18:47:44.662Z,"13 km WSW of Unalaska, Alaska",earthquake,,0.8,,,reviewed,ak,ak
2020-06-22T13:54:20.230Z,34.0248333,-116.7406667,13.57,0.45,ml,11,146,0.05668,0.05,ci,ci39489944,2020-06-22T13:57:55.090Z,"13km NNE of Cabazon, CA",earthquake,0.29,0.39,0.141,6,automatic,ci,ci
2020-06-22T13:45:21.710Z,35.8646667,-117.6876667,9.11,0.7,ml,7,79,0.08409,0.12,ci,ci39489928,2020-06-22T13:48:52.891Z,"21km ESE of Little Lake, CA",earthquake,0.36,1.47,0.165,8,automatic,ci,ci
